origin,destination,euclidean,nb_0.1_paths,nb_0.2_paths,nb_0.3_paths,nb_0.4_paths,nb_0.5_paths,nb_0.6_paths,nb_0.7_paths,nb_0.8_paths,nb_0.9_paths,nb_1.0_paths,nb_paths,theta
608929071#0,159915376#2,3.5898381195084186,79.0,473.0,1282.0,2500.0,4004.0,5605.0,7073.0,8497.0,9929.0,11299.0,14771,0.5328116290244573
181315427#0,27588412#0,4.809273296558979,179.0,713.0,1574.0,2694.0,4018.0,5349.0,6747.0,8014.0,9210.0,10234.0,14242,0.23517763593644528
24909060#4,306145142#1,1.090973531168923,1.0,1.0,1.0,1.0,1.0,1.0,1.0,1.0,1.0,1.0,1,0.12929261984679705
23390363#0,-27202663#2,3.27466408358352,99.0,709.0,1616.0,3287.0,5076.0,6836.0,8322.0,9917.0,11272.0,12318.0,14035,0.5462661082065691
-305689934#1,348439788#0,3.0931525929634964,678.0,4766.0,9301.0,11283.0,12479.0,13314.0,13621.0,13673.0,13676.0,13678.0,13678,0.16649518141957545
172962794#2,491331618#4,2.0030076662363343,1.0,1.0,1.0,1.0,1.0,1.0,1.0,1.0,1.0,1.0,1,0.9015327701744343
915119863#0,24942843#0,0.6644492845963732,1.0,1.0,1.0,1.0,1.0,1.0,1.0,1.0,1.0,1.0,1,0.156250631953899
27203168#3,799107046#0,4.149366996624011,248.0,2011.0,3465.0,4613.0,5535.0,6523.0,7337.0,7963.0,8426.0,8856.0,10075,0.6398935061295088
491331618#4,915828044#0,2.2526307829554195,47.0,191.0,512.0,690.0,799.0,914.0,1025.0,1209.0,1477.0,1840.0,9567,0.6481840967422852
549022166,25340253#0,1.7001247991399124,1.0,1.0,1.0,1.0,1.0,1.0,1.0,1.0,1.0,1.0,1,0.6205132215848628
154816260#0,348439788#0,12.391933888119777,4.0,156.0,1021.0,2918.0,5544.0,8040.0,10184.0,11788.0,12900.0,13707.0,15001,0.7842481299113612
-27202663#2,799107046#0,3.145288213664316,1.0,1.0,1.0,1.0,1.0,1.0,1.0,1.0,1.0,1.0,1,0.5119622189378118
888683700,24550665#0,0.9236464660747036,1.0,1.0,1.0,1.0,1.0,1.0,1.0,1.0,1.0,1.0,4,0.23398236763078842
46201350#0,-769920219#1,2.8824924230761977,321.0,772.0,1250.0,2037.0,3239.0,4645.0,5997.0,7614.0,9403.0,10977.0,13988,0.4487779137931706
181315427#0,154816260#0,7.13612729223787,112.0,669.0,1569.0,2898.0,4369.0,6198.0,8053.0,9803.0,11344.0,12578.0,15000,0.3637225769445148
-475935033#1,549206863#0,1.6398376768347618,1.0,1.0,1.0,1.0,1.0,1.0,1.0,1.0,1.0,1.0,1,0.5539285392933606
46201350#0,23390363#0,4.158505433016294,230.0,602.0,1160.0,1917.0,2873.0,4012.0,5267.0,6627.0,8044.0,9364.0,14970,0.6591296990365548
203478088#0,-769920219#1,2.6309832226187364,94.0,189.0,581.0,877.0,1539.0,2292.0,3485.0,4910.0,6346.0,7593.0,12081,0.3913726217068359
-241765544#4,42861130#0,7.5999259900029825,9.0,166.0,661.0,1867.0,3827.0,6322.0,8900.0,11023.0,12571.0,13592.0,15001,0.4412574628042929
24597934#0,25340253#0,2.522505503584552,481.0,1980.0,4599.0,7391.0,9110.0,10116.0,10745.0,11282.0,11682.0,11879.0,11957,0.8101022450889147
8169839,354964410#0,3.85862446126404,107.0,559.0,1543.0,2877.0,4803.0,6877.0,8898.0,10738.0,12204.0,13170.0,14984,0.9474483274482872
23158529#0,1086284413,1.6677232368505546,1.0,1.0,1.0,1.0,1.0,1.0,1.0,1.0,1.0,1.0,1,0.5385356296552752
915119863#0,706139037,1.7720854573416125,1.0,1.0,1.0,1.0,1.0,1.0,1.0,1.0,1.0,1.0,1,0.4603524449702457
1017363471,1086284413,2.169406059137435,1.0,1.0,1.0,1.0,1.0,1.0,1.0,1.0,1.0,1.0,1,0.887306265403445
22926846#0,23390363#0,2.7475944762041924,47.0,221.0,415.0,758.0,1352.0,2118.0,2954.0,3873.0,4828.0,5731.0,12460,0.41501267532240377
46201350#0,-705573917,1.501006922016794,191.0,493.0,892.0,920.0,920.0,920.0,920.0,920.0,920.0,920.0,920,0.19075441201806206
-25005050#1,24578989,1.6268124362989886,48.0,212.0,538.0,1071.0,1634.0,2132.0,2512.0,2728.0,2889.0,2993.0,3049,0.4602700770787061
466171351,-27202663#2,1.0295598534742805,1.0,1.0,1.0,1.0,1.0,1.0,1.0,1.0,1.0,1.0,1,0.0795449255496188
1086284413,24808689#0,1.9955558508959248,1.0,1.0,1.0,1.0,1.0,1.0,1.0,1.0,1.0,1.0,1,0.6423999792348014
159915363#0,27203168#3,1.5187605742552202,0.0,2.0,8.0,23.0,42.0,75.0,119.0,180.0,256.0,324.0,529,0.18472356695750647
-389519619#1,-886571928#1,4.470784484516485,38.0,439.0,1655.0,3524.0,5768.0,8036.0,10018.0,11562.0,12836.0,13705.0,14999,0.8528392606018071
-158020275#4,-27202663#2,2.985134436097012,178.0,1394.0,2931.0,3693.0,4358.0,4691.0,4963.0,5111.0,5150.0,5164.0,5166,0.4027609235174284
-769920219#1,23390363#0,1.3827382772064083,7.0,23.0,36.0,54.0,127.0,300.0,421.0,494.0,530.0,536.0,553,0.21035178524338435
25340253#0,915522877#0,2.115275191945098,1.0,1.0,1.0,1.0,1.0,1.0,1.0,1.0,1.0,1.0,1,0.6634697714292344
549206863#0,24942843#0,1.2159333188090795,1.0,4.0,8.0,11.0,20.0,26.0,30.0,34.0,36.0,36.0,36,0.36267072085816937
-389519619#1,354964410#0,0.6383334541984375,28.0,28.0,28.0,28.0,28.0,28.0,28.0,28.0,28.0,28.0,28,0.07321312662856906
172496052#0,27317795#0,0.9793782493835196,1.0,1.0,1.0,1.0,1.0,1.0,1.0,1.0,1.0,1.0,1,0.29816605111790834
24785306#4,27317795#0,1.6149323512471196,30.0,260.0,837.0,1648.0,2318.0,2744.0,2972.0,3095.0,3157.0,3168.0,3170,0.4885104522834847
23390363#0,203478088#0,3.971534073532076,60.0,362.0,951.0,1909.0,3310.0,4793.0,6200.0,7509.0,8637.0,9776.0,14516,0.6017244069502202
-705573917,273656458#0,2.7792979632083763,138.0,527.0,1704.0,3190.0,4556.0,5865.0,6784.0,7319.0,7580.0,7729.0,7829,0.4082769146058169
1017363471,549022166,2.1260789750937104,1.0,1.0,1.0,1.0,1.0,1.0,1.0,1.0,1.0,1.0,1,0.9952314860799936
24942843#0,-25005050#1,2.2661325589849377,1.0,1.0,1.0,1.0,1.0,1.0,1.0,1.0,1.0,1.0,1,0.782630539634704
24695297#0,888683700,0.9408365168276538,1.0,1.0,1.0,1.0,1.0,1.0,1.0,1.0,1.0,1.0,1,0.30084507776199715
23390363#0,-769920219#1,1.6016467892530677,2.0,4.0,25.0,39.0,88.0,138.0,196.0,291.0,342.0,424.0,605,0.21035178524338435
273656458#0,11655636#0-AddedOnRampEdge,3.545025058268348,455.0,1091.0,2104.0,3350.0,5052.0,6943.0,8675.0,10204.0,11637.0,12754.0,14824,0.5187854256516937
-769920219#1,46201350#0,3.11779554273977,29.0,115.0,336.0,796.0,1374.0,2094.0,3004.0,3933.0,4882.0,5736.0,11011,0.4487779137931706
-110575582#2,43024557,3.4529572263981043,228.0,777.0,1543.0,2608.0,3892.0,5380.0,6927.0,8482.0,9963.0,11225.0,14830,0.5031007158509428
799107046#0,24985704#2,4.433033415337193,646.0,2082.0,4597.0,7230.0,9222.0,10524.0,11369.0,11926.0,12218.0,12407.0,12653,0.696854736904676
11655636#0-AddedOnRampEdge,799107046#0,1.6593922388942897,1.0,1.0,1.0,1.0,1.0,1.0,1.0,1.0,1.0,1.0,1,0.20239607284687905
27588412#0,-305689934#1,13.60663715277708,1.0,8.0,93.0,398.0,1066.0,2141.0,3466.0,4955.0,6507.0,8067.0,15001,0.9207117476609938
24942843#0,-475935033#1,0.8169654604370012,1.0,1.0,1.0,1.0,1.0,1.0,1.0,1.0,1.0,1.0,1,0.1912578184351913
24975582#0,706139037,1.6840750648867773,1.0,1.0,1.0,1.0,1.0,1.0,1.0,1.0,1.0,1.0,1,0.37712089667595194
24701900#3,24605118#0,3.078997365755694,143.0,585.0,1477.0,2825.0,4460.0,6319.0,8092.0,9682.0,11081.0,12108.0,14019,0.48631684982060064
354964366#3,549206863#0,0.9701538332982522,24.0,47.0,158.0,338.0,674.0,1025.0,1247.0,1290.0,1313.0,1314.0,1314,0.26561310964299556
-224928159,42860168,10.65370270082235,3.0,82.0,334.0,952.0,1951.0,3415.0,5331.0,7461.0,9472.0,11179.0,15001,0.7222278034473815
24701900#3,24985704#2,4.8505998651570525,90.0,580.0,1658.0,3536.0,6147.0,8601.0,10726.0,12491.0,13722.0,14475.0,15000,0.9087718254905088
-30030782#6,491331618#4,2.09712166757518,0.0,79.0,671.0,2448.0,5214.0,7941.0,9877.0,10975.0,11555.0,11889.0,12117,0.7449909323937728
202760019#6,354964410#0,3.1015549831512828,504.0,1111.0,1773.0,3193.0,4084.0,4984.0,5636.0,6120.0,6376.0,6502.0,6613,0.5047977388696345
-769920219#1,-389519619#1,4.061848966661748,19.0,148.0,528.0,1332.0,2646.0,4564.0,6830.0,9033.0,10735.0,11823.0,14959,0.9040120107156979
324493318#0,273656458#0,3.7670202635302696,151.0,665.0,1603.0,3189.0,5338.0,7621.0,9553.0,11095.0,12325.0,13210.0,14978,0.74930187148533
24985704#2,-705573917,4.917637218177864,403.0,1539.0,2962.0,4415.0,5968.0,7691.0,9495.0,11073.0,12229.0,12940.0,13806,0.7887422987056782
202760019#6,608929071#0,3.8291689714323183,107.0,635.0,1803.0,3573.0,5579.0,7612.0,9447.0,11000.0,12138.0,13040.0,14986,0.6565044674914197
24550665#0,172496052#0,1.594536434825255,2.0,5.0,20.0,44.0,78.0,150.0,271.0,407.0,573.0,768.0,1780,0.45109529377308577
751866381#0,24975582#0,2.504649945645696,1.0,1.0,1.0,1.0,1.0,1.0,1.0,1.0,1.0,1.0,1,0.8789275432823093
24975582#0,24578989,1.725875156940642,1.0,1.0,1.0,1.0,1.0,1.0,1.0,1.0,1.0,1.0,1,0.5616779070211115
24985704#2,324493318#0,4.935130395040807,77.0,304.0,768.0,1489.0,2527.0,3868.0,5408.0,7006.0,8713.0,10484.0,14986,0.8702327444148087
11655636#0-AddedOnRampEdge,24985704#2,5.352180752347289,304.0,1376.0,3555.0,6279.0,8593.0,10357.0,11666.0,12657.0,13409.0,13952.0,14940,0.8992508097515549
172962794#2,354964366#3,1.911009306159397,1.0,1.0,1.0,1.0,1.0,1.0,1.0,1.0,1.0,1.0,1,0.4857937880433169
27588412#0,348439788#0,13.012563634535224,2.0,67.0,442.0,1367.0,2862.0,4760.0,6713.0,8576.0,10280.0,11700.0,15001,0.912793070919431
25026462#2,-583703158#7,8.873147987133628,5.0,239.0,1175.0,2958.0,5336.0,8057.0,10568.0,12387.0,13668.0,14365.0,14996,0.5417267988138588
24937323,172962794#2,1.8625774203789016,1.0,1.0,1.0,1.0,1.0,1.0,1.0,1.0,1.0,1.0,1,0.5028637843299341
-27202659#8,305428846#1,4.653236820761503,397.0,1800.0,3469.0,5223.0,6401.0,7368.0,8165.0,8742.0,9172.0,9469.0,9829,0.6383282220714362
-886571928#1,-769920219#1,1.792180963275198,2.0,11.0,41.0,102.0,212.0,396.0,587.0,797.0,992.0,1110.0,1435,0.24314872868249504
24578989,491331618#4,0.692063259034679,1.0,1.0,1.0,1.0,1.0,1.0,1.0,1.0,1.0,1.0,1,0.24430278994029883
-30030782#6,-475935033#1,1.8804089607807628,1.0,1.0,1.0,1.0,1.0,1.0,1.0,1.0,1.0,1.0,1,0.550954655824745
49137080#0,491331618#4,1.787400314226868,2.0,6.0,17.0,36.0,65.0,99.0,127.0,145.0,163.0,212.0,1153,0.5476353876718
-769920219#1,-590598818#1,2.215237908031321,14.0,112.0,372.0,989.0,2003.0,3307.0,4724.0,5961.0,7036.0,7859.0,9566,0.301998167842548
24808689#0,24937323,2.616430316243636,13.0,122.0,581.0,1445.0,2249.0,3032.0,3845.0,4778.0,6011.0,7408.0,13179,0.8250149545670052
49137080#0,24937323,2.724205728154126,31.0,300.0,1408.0,3583.0,6408.0,8821.0,10534.0,11495.0,12084.0,12508.0,13185,0.9463043735162998
-241765544#4,-224928159,3.692964719636482,19.0,146.0,454.0,921.0,1414.0,1856.0,2160.0,2318.0,2418.0,2465.0,2477,0.222759175685948
-475935033#1,24808689#0,2.2435633381116045,1.0,1.0,1.0,1.0,1.0,1.0,1.0,1.0,1.0,1.0,1,0.8695996194960126
158020256#5,915522877#0,2.5982664129934,1.0,1.0,1.0,1.0,1.0,1.0,1.0,1.0,1.0,1.0,1,0.8288969759428291
348439788#0,225402530#1,6.166288847494542,186.0,1156.0,3196.0,6368.0,9626.0,12117.0,13611.0,14389.0,14763.0,14912.0,14992,0.3174481845460012
324493318#0,-94342353#13,3.2176445443281643,154.0,513.0,1282.0,2324.0,3457.0,4644.0,5723.0,6685.0,7555.0,8512.0,14677,0.49095525485051145
203478088#0,273656458#0,3.79332463285252,197.0,695.0,1781.0,3464.0,5653.0,7814.0,9675.0,11225.0,12407.0,13279.0,14972,0.6564366187102136
751866381#0,354964366#3,0.4366443972742187,1.0,1.0,1.0,1.0,1.0,1.0,1.0,1.0,1.0,1.0,1,0.10064722237483652
172962794#2,706139037,0.8535789764577416,1.0,1.0,1.0,1.0,1.0,1.0,1.0,1.0,1.0,1.0,1,0.08463436381179644
-590598818#1,24909060#4,1.5440245427948691,5.0,16.0,34.0,86.0,196.0,364.0,546.0,757.0,1000.0,1211.0,2100,0.17023388343755086
-110575582#2,354964410#0,3.766690374623491,27.0,203.0,676.0,1597.0,3060.0,5180.0,7367.0,9325.0,11062.0,12456.0,14995,0.9099957849974276
-769920219#1,571680875#4,4.262296337289837,39.0,293.0,971.0,2123.0,3531.0,5020.0,6630.0,8200.0,9516.0,10660.0,14840,0.7031906999558377
354964366#3,23158529#0,2.2440697114203907,54.0,337.0,1029.0,2394.0,4471.0,6747.0,8560.0,9547.0,9986.0,10205.0,10327,0.7382206012740964
43024557,-27202659#8,4.363903725409952,606.0,3399.0,6862.0,9446.0,11895.0,13742.0,14466.0,14660.0,14745.0,14769.0,14781,0.6688009138226856
-172962794#1,24942843#0,1.543030943519338,1.0,1.0,1.0,1.0,1.0,1.0,1.0,1.0,1.0,1.0,1,0.5382627547755945
159915363#0,25157015#1,5.801339498213417,97.0,461.0,1204.0,2309.0,3508.0,4946.0,6493.0,8034.0,9460.0,10796.0,14997,0.9373784078737359
-25163955#11,154816260#0,4.183152315828648,357.0,1252.0,2704.0,4681.0,6770.0,8640.0,10293.0,11524.0,12372.0,13017.0,14579,0.1719775945846511
159915363#0,608929071#0,3.6162776380900863,118.0,692.0,1967.0,3850.0,6074.0,8259.0,10259.0,11832.0,12955.0,13718.0,14929,0.5824903830060709
888683700,24695297#0,1.0123234941454562,1.0,1.0,1.0,1.0,1.0,1.0,1.0,1.0,1.0,1.0,1,0.30084507776199715
-30030782#6,706139037,1.817736498258529,132.0,132.0,132.0,132.0,132.0,132.0,132.0,132.0,132.0,132.0,132,0.43811066124358955
799107046#0,324493318#0,2.9741435049363485,184.0,1108.0,2412.0,3977.0,5797.0,7369.0,8851.0,10400.0,11800.0,12886.0,14412,0.43291251868051533
273656458#0,571680875#4,2.637930520288505,89.0,141.0,218.0,415.0,644.0,827.0,1065.0,1310.0,1547.0,1760.0,4968,0.3446185404612118
306145142#1,11655636#0-AddedOnRampEdge,5.247994412765742,99.0,397.0,1497.0,3404.0,5823.0,8409.0,10648.0,12247.0,13267.0,13842.0,14994,0.8694515141077482
-389519619#1,24985704#2,3.5307007209836905,64.0,65.0,352.0,1812.0,3214.0,4623.0,5275.0,5601.0,5744.0,5814.0,5942,0.524262613801213
8169839,466171351,3.747569386968985,129.0,877.0,2383.0,4408.0,6790.0,9318.0,11265.0,12735.0,13643.0,14239.0,15000,0.7608362837921261
23390363#0,-590598818#1,0.8788760769329499,1.0,1.0,1.0,1.0,3.0,4.0,4.0,4.0,4.0,5.0,11,0.09164638259916373
-25340239#1,-475935033#1,0.2131870527823112,1.0,1.0,1.0,1.0,1.0,1.0,1.0,1.0,1.0,1.0,1,0.036653712743072005
24605118#0,-80397754#8,1.7099643794834931,4.0,37.0,118.0,301.0,568.0,869.0,1232.0,1606.0,1975.0,2285.0,2887,0.20694069175079266
751866381#0,-475935033#1,1.4369785401564452,1.0,1.0,1.0,1.0,1.0,1.0,1.0,1.0,1.0,1.0,1,0.3889626520252018
571680875#4,-590598818#1,4.780532547981386,102.0,878.0,2741.0,5030.0,7382.0,9486.0,11433.0,12907.0,13878.0,14441.0,14999,0.9948111322016108
23390363#0,43024557,4.95213666883127,123.0,582.0,1521.0,2723.0,4054.0,5305.0,6419.0,7644.0,8918.0,10293.0,14991,0.7806818534411663
225402530#1,-288211979#3,3.482055699185333,23.0,262.0,419.0,493.0,761.0,822.0,822.0,822.0,822.0,822.0,822,0.20020097293547692
44779234#2,27588412#0,11.093487049902308,1.0,74.0,311.0,807.0,1529.0,2485.0,3681.0,5205.0,6810.0,8414.0,15001,0.7152750912815891
44779234#2,154816260#0,11.623922313763872,6.0,44.0,248.0,791.0,1847.0,3262.0,5182.0,7357.0,9383.0,11123.0,15001,0.8438200322896586
159915363#0,354964410#0,3.6291628270065934,762.0,2401.0,4532.0,6450.0,8365.0,9631.0,10499.0,11123.0,11545.0,11846.0,12290,0.5788118233549832
-94342353#13,22926846#0,3.3329152444250822,161.0,738.0,1602.0,2668.0,4012.0,5667.0,7426.0,9067.0,10537.0,11737.0,14977,0.5848017337032115
-158020275#4,25157015#1,2.879189620848094,396.0,863.0,2261.0,3532.0,4871.0,6047.0,6821.0,7392.0,7682.0,8056.0,8656,0.34720581445963217
172496052#0,24550665#0,1.4016325819785729,8.0,53.0,178.0,334.0,507.0,693.0,837.0,923.0,941.0,941.0,941,0.45109529377308577
888683700,24578989,0.6611685843447241,1.0,1.0,1.0,1.0,1.0,1.0,1.0,1.0,1.0,1.0,1,0.1705047738778802
491331618#4,354964366#3,1.4746126682992904,4.0,14.0,46.0,130.0,307.0,667.0,1251.0,1817.0,2272.0,2608.0,3090,0.4157389821311173
203478088#0,159915376#2,4.978686928579201,60.0,307.0,783.0,1601.0,2563.0,3709.0,5036.0,6349.0,7847.0,9208.0,14998,0.7856569070259724
549206863#0,25340253#0,1.616941061498011,1.0,1.0,1.0,1.0,1.0,1.0,1.0,1.0,1.0,1.0,1,0.5689791110924745
-27202659#8,-590598818#1,3.488800599167356,432.0,1726.0,3484.0,5136.0,6460.0,7480.0,8266.0,8735.0,9050.0,9215.0,14406,0.4588708501369843
22926846#0,608929071#0,0.657571637700896,1.0,1.0,1.0,1.0,1.0,2.0,2.0,2.0,2.0,2.0,3,0.06613354637369855
24975582#0,549206863#0,2.24746760125996,1.0,1.0,1.0,1.0,1.0,1.0,1.0,1.0,1.0,1.0,1,0.9561065694495319
24695297#0,915119863#0,1.557591968040606,4.0,24.0,157.0,510.0,1356.0,2299.0,3121.0,3853.0,4278.0,4576.0,4800,0.47050844744857384
8169839,273656458#0,3.915114950012741,297.0,1474.0,3375.0,5834.0,8443.0,10643.0,12232.0,13397.0,14106.0,14489.0,14970,0.8768642243755046
324493318#0,46201350#0,1.217849967020935,2.0,2.0,2.0,12.0,21.0,54.0,93.0,118.0,203.0,268.0,595,0.15027054486145106
-389519619#1,-705573917,1.9432889352119056,12.0,104.0,334.0,450.0,647.0,864.0,1001.0,1188.0,1509.0,1612.0,1923,0.2644796849044654
-590598818#1,11655636#0-AddedOnRampEdge,5.00642875263858,73.0,261.0,747.0,1423.0,2291.0,3304.0,4497.0,5688.0,6967.0,8162.0,14998,0.8310219826079038
-288211979#3,181315427#0,5.52349529409317,1.0,1.0,1.0,1.0,1.0,1.0,1.0,1.0,1.0,1.0,1,0.33438013566264585
348439788#0,-24844937#7,11.911696341837631,1.0,34.0,465.0,1792.0,4057.0,6692.0,9052.0,10847.0,12231.0,13190.0,15001,0.798261111250202
22926846#0,8169839,1.7299929658630344,1.0,1.0,1.0,1.0,1.0,1.0,1.0,1.0,1.0,1.0,1,0.2799874252864655
24597934#0,1017363471,1.544584141236304,154.0,403.0,980.0,1825.0,3386.0,5112.0,6458.0,7658.0,8433.0,8884.0,9095,0.4258469527537696
-886571928#1,159915376#2,1.151110028909469,1.0,1.0,1.0,1.0,1.0,1.0,1.0,1.0,1.0,1.0,1,0.15113555663664135
-583703158#7,753275599#0,11.574651394877243,2.0,60.0,699.0,2445.0,4822.0,7276.0,9205.0,10696.0,11892.0,12843.0,15001,0.7166342367238865
-25340239#1,549022166,1.854708455180276,1.0,1.0,1.0,1.0,1.0,1.0,1.0,1.0,1.0,1.0,1,0.5688089370426773
-24844937#7,42861130#0,6.083510028048064,184.0,607.0,1655.0,3400.0,5547.0,7746.0,9820.0,11470.0,12770.0,13693.0,14979,0.31295773963027707
43024557,273656458#0,3.067466360855702,209.0,710.0,1432.0,2634.0,4272.0,5965.0,7403.0,8697.0,9922.0,11062.0,14249,0.47747917221926744
-475935033#1,24597934#0,2.2818775746096027,1.0,1.0,1.0,1.0,1.0,1.0,1.0,1.0,1.0,1.0,1,0.8251528168880286
23390363#0,159915376#2,1.403670176984019,1.0,1.0,1.0,1.0,1.0,1.0,1.0,1.0,1.0,1.0,1,0.18393250007575213
172962794#2,158020256#5,1.447458371368563,1.0,1.0,1.0,1.0,1.0,1.0,1.0,1.0,1.0,1.0,1,0.3478549911074329
-389519619#1,24605118#0,4.21493491147304,98.0,654.0,1677.0,3288.0,5214.0,7660.0,9917.0,11702.0,12905.0,13698.0,14995,0.9467175894711212
-583703158#7,-241765544#4,7.829022480640761,8.0,361.0,1826.0,4627.0,8168.0,11172.0,13067.0,14101.0,14571.0,14766.0,14907,0.4758622265897903
24597934#0,24942843#0,2.711346377864242,21.0,200.0,946.0,2603.0,4844.0,7173.0,9284.0,10648.0,11480.0,11891.0,12125,0.9835893646767805
24937323,549022166,1.269225594112071,1.0,1.0,1.0,1.0,1.0,1.0,1.0,1.0,1.0,1.0,1,0.3000772238487668
306145142#1,203478088#0,5.026735284287623,39.0,271.0,786.0,1707.0,3169.0,5249.0,7642.0,9902.0,11595.0,13034.0,14999,0.9928972928337324
-590598818#1,608929071#0,2.659866605683489,59.0,425.0,1110.0,2492.0,4316.0,6244.0,8092.0,9520.0,10710.0,11580.0,13423,0.44052551154786895
305428846#1,23390363#0,4.802338121210819,123.0,532.0,1387.0,2432.0,3776.0,5189.0,6729.0,8278.0,9614.0,10783.0,14999,0.8111545451924159
888683700,24785306#4,2.706846518552786,9.0,79.0,313.0,900.0,1931.0,3304.0,4513.0,5738.0,6847.0,7832.0,11324,0.8754220625694505
799107046#0,46201350#0,2.177157683000869,1.0,1.0,1.0,1.0,1.0,1.0,1.0,1.0,1.0,1.0,1,0.2826419738190643
27317795#0,172962794#2,2.2256264737370444,1.0,1.0,1.0,1.0,1.0,1.0,1.0,1.0,1.0,1.0,1,0.9294287237066473
159915363#0,-110575582#2,3.435886416012624,59.0,378.0,1383.0,3137.0,5394.0,7748.0,9886.0,11657.0,12879.0,13788.0,14977,0.5111923916475893
549022166,24975582#0,2.174993482054812,1.0,1.0,1.0,1.0,1.0,1.0,1.0,1.0,1.0,1.0,1,0.9045724589571438
354964366#3,24975582#0,2.3150709069862514,1.0,1.0,1.0,1.0,1.0,1.0,1.0,1.0,1.0,1.0,1,0.7782803209074725
-224928159,181315427#0,6.610492802245129,261.0,1641.0,3381.0,5053.0,7232.0,9903.0,12146.0,13582.0,14208.0,14449.0,14563,0.4048270807538857
-389519619#1,24909060#4,4.137238946051501,58.0,863.0,1903.0,3469.0,4726.0,6006.0,7448.0,8563.0,9516.0,10244.0,12785,0.6237559380042033
-389519619#1,22926846#0,3.769025280056546,168.0,746.0,1708.0,2886.0,4314.0,5885.0,7577.0,9214.0,10621.0,11701.0,14989,0.6993511206366785
-27202663#2,-705573917,3.4227245840831024,1.0,1.0,1.0,1.0,1.0,1.0,1.0,1.0,1.0,1.0,1,0.6038497807388141
172962794#2,24550665#0,1.938352822379252,1.0,1.0,1.0,1.0,1.0,1.0,1.0,1.0,1.0,1.0,1,0.9176420336381755
24701900#3,608929071#0,1.56763263812382,0.0,30.0,72.0,506.0,879.0,1884.0,2733.0,3305.0,3594.0,3701.0,4647,0.19851910630209843
172962794#2,24937323,1.997790544442071,1.0,1.0,1.0,1.0,1.0,1.0,1.0,1.0,1.0,1.0,1,0.5028637843299341
24550665#0,158020256#5,2.028447226151589,1.0,1.0,1.0,1.0,1.0,1.0,1.0,1.0,1.0,1.0,1,0.7345029752543919
24785306#4,24550665#0,1.9269438402785013,52.0,342.0,956.0,2355.0,4216.0,6060.0,7234.0,7847.0,8168.0,8339.0,8442,0.641439694938662
-27202659#8,24985704#2,1.878415251696644,1.0,1.0,1.0,1.0,1.0,1.0,1.0,1.0,1.0,1.0,1,0.18914364249644308
172496052#0,-25005050#1,2.319485257296709,658.0,3774.0,7624.0,9991.0,10851.0,11044.0,11062.0,11066.0,11066.0,11066.0,11066,0.9748429646047004
-389519619#1,608929071#0,3.887820837335396,90.0,562.0,1535.0,2686.0,4021.0,5482.0,6962.0,8348.0,9569.0,10621.0,14996,0.7654846670103771
202760019#6,-886571928#1,1.921598278770016,1.0,1.0,1.0,1.0,1.0,1.0,1.0,1.0,1.0,1.0,1,0.2748283951036037
203478088#0,43024557,1.5501785063122009,64.0,187.0,420.0,869.0,1308.0,1800.0,2118.0,2214.0,2226.0,2226.0,2226,0.1789574464909462
24937323,1017363471,2.171769740540616,1.0,1.0,1.0,1.0,1.0,1.0,1.0,1.0,1.0,1.0,1,0.7046912900712411
24808689#0,915828044#0,1.0105863472720211,4.0,11.0,16.0,18.0,20.0,23.0,39.0,57.0,92.0,140.0,284,0.22183812801977992
-172962794#1,27317795#0,2.0030076662363343,1.0,1.0,1.0,1.0,1.0,1.0,1.0,1.0,1.0,1.0,1,0.9210446983459015
466171351,11655636#0-AddedOnRampEdge,3.600307237991145,719.0,2831.0,5622.0,8702.0,11373.0,12947.0,13771.0,14377.0,14677.0,14800.0,14852,0.6348133662350721
-25340239#1,172496052#0,1.4305613491948717,1.0,1.0,1.0,1.0,1.0,1.0,1.0,1.0,1.0,1.0,1,0.3971306014527153
-49773053#10,-305689934#1,13.233231705688194,2.0,21.0,165.0,626.0,1458.0,2551.0,3924.0,5388.0,6936.0,8466.0,15001,0.8343270184858584
-24844937#7,-583703158#7,9.405553574253748,5.0,144.0,943.0,2828.0,5648.0,8634.0,11091.0,12871.0,13880.0,14444.0,14999,0.6041619497638062
-110575582#2,305428846#1,3.9106676599590537,157.0,697.0,1508.0,2544.0,3845.0,5436.0,7071.0,8663.0,10056.0,11289.0,14952,0.5335734076021922
24605118#0,466171351,3.6729067195078806,118.0,584.0,1517.0,3080.0,5247.0,7815.0,10334.0,12171.0,13408.0,14148.0,14982,0.6868924191863911
915828044#0,1086284413,2.37587464464375,0.0,59.0,690.0,2379.0,4707.0,6418.0,7461.0,7966.0,8173.0,8227.0,8229,0.8642381072545813
24597934#0,706139037,2.6572809994135858,405.0,1423.0,2962.0,5418.0,7509.0,9025.0,9970.0,10370.0,10474.0,10483.0,10483,0.712308822306873
549206863#0,24975582#0,2.2426794609552454,1.0,1.0,1.0,1.0,1.0,1.0,1.0,1.0,1.0,1.0,1,0.9561065694495319
-30030782#6,27317795#0,2.09712166757518,0.0,39.0,380.0,1528.0,3537.0,5498.0,6940.0,7823.0,8430.0,8991.0,10181,0.7170949788615597
491331618#4,-172962794#1,2.0108718105070107,1.0,1.0,1.0,1.0,1.0,1.0,1.0,1.0,1.0,1.0,1,0.9489406518781149
24597928#0,27317795#0,1.6279110356958548,1.0,2.0,6.0,14.0,28.0,42.0,51.0,57.0,58.0,59.0,59,0.4999807706074037
-475935033#1,1017363471,1.2626524834117276,1.0,1.0,1.0,1.0,1.0,1.0,1.0,1.0,1.0,1.0,1,0.3993058641342589
799107046#0,24701900#3,2.774188739325414,241.0,1502.0,3524.0,5732.0,7712.0,9421.0,10693.0,11643.0,12279.0,12681.0,13172,0.3943734376048154
158020256#5,888683700,2.5463398770936267,1.0,1.0,1.0,1.0,1.0,1.0,1.0,1.0,1.0,1.0,1,0.9684853428851801
-27202659#8,23390363#0,3.809331741792785,232.0,910.0,1865.0,3025.0,4346.0,5943.0,7184.0,8205.0,8970.0,9469.0,14931,0.550517232736148
-305689934#1,27588412#0,12.974329064729472,2.0,17.0,173.0,597.0,1391.0,2503.0,3883.0,5483.0,7284.0,9081.0,15001,0.9207117476609938
24695297#0,-25340239#1,2.0088925247484424,1.0,1.0,1.0,1.0,1.0,1.0,1.0,1.0,1.0,1.0,1,0.7813631850945925
751866381#0,-25340239#1,1.3717572450823354,1.0,1.0,1.0,1.0,1.0,1.0,1.0,1.0,1.0,1.0,1,0.35230893928213014
24975582#0,491331618#4,2.068012975130933,1.0,1.0,1.0,1.0,1.0,1.0,1.0,1.0,1.0,1.0,1,0.8059806969614104
24597928#0,172496052#0,2.4133042305633854,5.0,50.0,211.0,636.0,1360.0,2217.0,3076.0,3761.0,4249.0,4520.0,4708,0.7981468217253121
1017363471,915119863#0,2.25715618120195,1.0,1.0,1.0,1.0,1.0,1.0,1.0,1.0,1.0,1.0,1,0.7468143145233491
-288211979#3,-241765544#4,2.266978661517807,1.0,1.0,1.0,1.0,1.0,1.0,1.0,1.0,1.0,1.0,1,0.15231223059470803
608929071#0,25157015#1,2.6525059710286176,1.0,1.0,1.0,1.0,1.0,1.0,1.0,1.0,1.0,1.0,1,0.3548880248676651
181315427#0,-583703158#7,10.3438157913023,4.0,110.0,851.0,2782.0,5846.0,9021.0,11458.0,13046.0,13879.0,14414.0,15001,0.6579301316577281
24597928#0,1086284413,2.27111242399268,5.0,27.0,84.0,238.0,508.0,733.0,882.0,945.0,959.0,960.0,960,0.7439307346519131
-24844937#7,753275599#0,2.4253748557025374,10.0,59.0,365.0,1165.0,2469.0,3438.0,4083.0,4540.0,4897.0,5183.0,5421,0.11247228696008021
-158020275#4,-80397754#8,4.976647213359722,25.0,292.0,1247.0,2959.0,5145.0,7475.0,9511.0,11238.0,12490.0,13349.0,14984,0.803167725403408
466171351,24605118#0,3.361314792143914,906.0,3565.0,6787.0,9285.0,11391.0,13091.0,14173.0,14671.0,14862.0,14942.0,14963,0.6868924191863911
-80397754#8,608929071#0,3.170625906718052,89.0,444.0,1256.0,2442.0,3984.0,5712.0,7577.0,9299.0,10959.0,12300.0,14720,0.49473843526929473
751866381#0,706139037,1.9095776085979828,1.0,1.0,1.0,1.0,1.0,1.0,1.0,1.0,1.0,1.0,1,0.5018066466063573
915119863#0,915828044#0,2.845405819134873,413.0,1811.0,3513.0,5517.0,7468.0,9290.0,10760.0,11875.0,12681.0,13220.0,14252,0.9952699418653252
306145142#1,-769920219#1,3.78612038229146,160.0,603.0,1239.0,2216.0,3660.0,5433.0,7220.0,8962.0,10473.0,11725.0,14981,0.601524671126896
202760019#6,571680875#4,5.029318204728295,292.0,795.0,1614.0,2735.0,4178.0,5915.0,7807.0,9609.0,11143.0,12239.0,14058,0.7788321762580637
306145142#1,23390363#0,2.767730834970367,211.0,1110.0,2853.0,5265.0,7956.0,10411.0,12234.0,13376.0,14080.0,14475.0,14847,0.3911728858835118
8169839,-27202663#2,3.52334617998905,168.0,1034.0,2493.0,3828.0,5775.0,8408.0,10706.0,12176.0,13154.0,13841.0,14822,0.6812913582425074
305428846#1,202760019#6,5.440949125702854,119.0,881.0,2307.0,4357.0,6912.0,9215.0,11161.0,12522.0,13397.0,13939.0,14803,0.8812201162648697
-886571928#1,-705573917,4.913522032130915,62.0,450.0,1190.0,2276.0,3736.0,5565.0,7371.0,9071.0,10577.0,11741.0,14999,0.8826810544937277
324493318#0,466171351,4.232306191879653,235.0,1068.0,2794.0,5016.0,7268.0,9323.0,10976.0,12281.0,13281.0,13986.0,14986,0.8653298120687084
24985704#2,571680875#4,4.910059516056951,268.0,813.0,1650.0,2545.0,3583.0,4764.0,6234.0,7757.0,9164.0,10443.0,13192,0.7250839245610732
608929071#0,-94342353#13,3.617578928025201,47.0,326.0,1138.0,2309.0,3573.0,4747.0,5842.0,6936.0,8098.0,9241.0,14862,0.6509352800769101
43024557,-94342353#13,1.789808546859299,29.0,95.0,254.0,424.0,541.0,591.0,599.0,599.0,599.0,599.0,1147,0.21913255558444902
-80397754#8,46201350#0,5.143632424954273,49.0,245.0,730.0,1487.0,2551.0,3872.0,5234.0,6580.0,7735.0,8689.0,14978,0.8049890053571443
-389519619#1,324493318#0,3.682547587988979,87.0,371.0,873.0,1822.0,3094.0,4543.0,6067.0,7667.0,9231.0,10664.0,14959,0.6055046417839783
24975582#0,24808689#0,1.214818750178505,1.0,1.0,1.0,1.0,1.0,1.0,1.0,1.0,1.0,1.0,1,0.3796347282389052
22926846#0,27203168#3,4.486098282274231,225.0,793.0,1458.0,2183.0,3146.0,4466.0,5948.0,7455.0,8827.0,10035.0,14979,0.8333474963372759
-475935033#1,27317795#0,1.8890217055281189,1.0,1.0,1.0,1.0,1.0,1.0,1.0,1.0,1.0,1.0,1,0.7319503653136954
-288211979#3,-49773053#10,7.984085093000159,1.0,1.0,1.0,1.0,1.0,1.0,1.0,1.0,1.0,1.0,1,0.48317304242395576
-80397754#8,24701900#3,4.47456862537492,40.0,221.0,632.0,1332.0,2366.0,3630.0,5162.0,6833.0,8335.0,9780.0,14985,0.6932575415713933
24808689#0,24785306#4,2.850817545776474,11.0,86.0,308.0,796.0,1521.0,2313.0,3166.0,4161.0,5385.0,6646.0,13114,0.8869604674737767
354964410#0,799107046#0,1.813997327252415,5.0,24.0,55.0,81.0,85.0,93.0,110.0,117.0,118.0,118.0,247,0.24580524973203205
306145142#1,46201350#0,5.290144029534176,76.0,323.0,833.0,1688.0,3082.0,4903.0,6777.0,8660.0,10305.0,11638.0,14993,0.9496974150799331
-475935033#1,24937323,1.212512519619981,1.0,1.0,1.0,1.0,1.0,1.0,1.0,1.0,1.0,1.0,1,0.3053854259369822
27203168#3,608929071#0,3.865934706116016,101.0,560.0,1431.0,2805.0,4754.0,7222.0,9607.0,11541.0,13048.0,13991.0,14979,0.7672139499635774
158020256#5,24975582#0,2.20823702694525,1.0,1.0,1.0,1.0,1.0,1.0,1.0,1.0,1.0,1.0,1,0.6403415239715883
-110575582#2,27203168#3,4.062973340267873,179.0,751.0,1331.0,1923.0,2734.0,3673.0,4830.0,6225.0,7646.0,9003.0,14963,0.6959159586050957
27203168#3,25157015#1,5.206197253811582,226.0,1074.0,3148.0,5996.0,8699.0,10846.0,12356.0,13268.0,13841.0,14180.0,14810,0.8778980251687577
24550665#0,1086284413,1.3896687951828262,2.0,3.0,7.0,17.0,31.0,43.0,60.0,79.0,99.0,122.0,199,0.3968792066996867
-27202663#2,24985704#2,1.7892482038195234,1.0,1.0,1.0,1.0,1.0,1.0,1.0,1.0,1.0,1.0,1,0.18489251796686426
24578989,549022166,1.0958854141477077,1.0,1.0,1.0,1.0,1.0,1.0,1.0,1.0,1.0,1.0,1,0.3428945519360322
-389519619#1,202760019#6,3.983915665484161,56.0,1062.0,2039.0,2709.0,3406.0,4417.0,5285.0,5940.0,6504.0,6835.0,8024,0.5780108654982035
24578989,24975582#0,1.8070260431380265,1.0,1.0,1.0,1.0,1.0,1.0,1.0,1.0,1.0,1.0,1,0.5616779070211115
24937323,-25340239#1,1.0776289745679888,1.0,1.0,1.0,1.0,1.0,1.0,1.0,1.0,1.0,1.0,1,0.2687317131939105
43024557,24985704#2,5.107148876228998,541.0,2151.0,5152.0,8453.0,11137.0,12847.0,13758.0,14217.0,14458.0,14639.0,14963,0.8579445563191288
549206863#0,-25005050#1,2.0212673510802173,75.0,541.0,1474.0,2294.0,2998.0,3657.0,4144.0,4402.0,4489.0,4514.0,4525,0.8546987395071265
571680875#4,24985704#2,4.35740582025445,226.0,1747.0,3682.0,6642.0,9537.0,11837.0,12910.0,13225.0,13307.0,13437.0,13627,0.7250839245610732
-172962794#1,24578989,1.9831541496045784,1.0,1.0,1.0,1.0,1.0,1.0,1.0,1.0,1.0,1.0,1,0.7046378619378157
-30030782#6,1017363471,0.6212507350912986,1.0,1.0,1.0,1.0,1.0,1.0,1.0,1.0,1.0,1.0,1,0.15164879169048617
-886571928#1,159915363#0,1.6177821699965482,4.0,7.0,17.0,40.0,81.0,183.0,324.0,497.0,667.0,847.0,2688,0.20081431061825494
1086284413,23158529#0,1.7627188685403727,22.0,90.0,229.0,721.0,1622.0,2538.0,3164.0,3511.0,3641.0,3687.0,3708,0.5385356296552752
-27202659#8,159915363#0,2.6344381621511883,9.0,87.0,282.0,667.0,1094.0,1428.0,1724.0,1910.0,2038.0,2101.0,2137,0.31690597867878234
24937323,158020256#5,0.6306079097162588,1.0,1.0,1.0,1.0,1.0,1.0,1.0,1.0,1.0,1.0,1,0.15500879322250138
-288211979#3,-25163955#11,8.775239571251468,1.0,1.0,1.0,1.0,1.0,1.0,1.0,1.0,1.0,1.0,1,0.5261251180225097
24578989,354964366#3,2.0630807412971044,30.0,277.0,1090.0,2821.0,4627.0,5968.0,6815.0,7439.0,7982.0,8265.0,8454,0.6600417720714161
-583703158#7,42861130#0,13.55396896891797,1.0,48.0,335.0,1104.0,2598.0,4673.0,6768.0,8647.0,10332.0,11755.0,15001,0.9171196893940831
24808689#0,24975582#0,1.5606734401172189,1.0,1.0,1.0,1.0,1.0,1.0,1.0,1.0,1.0,1.0,1,0.3796347282389052
24597934#0,549206863#0,2.044521551529042,43.0,183.0,619.0,1638.0,3294.0,5120.0,6293.0,6934.0,7198.0,7299.0,7346,0.620918643818611
24975582#0,158020256#5,2.150606545133945,1.0,1.0,1.0,1.0,1.0,1.0,1.0,1.0,1.0,1.0,1,0.6403415239715883
43024557,-27202663#2,4.363903725409952,778.0,3989.0,7450.0,10364.0,12876.0,14179.0,14619.0,14730.0,14782.0,14797.0,14798,0.6730520383522647
23390363#0,-886571928#1,0.4858044603969755,1.0,1.0,1.0,1.0,1.0,1.0,1.0,1.0,1.0,1.0,1,0.032796943439110424
27588412#0,181315427#0,4.48027232291207,153.0,515.0,1338.0,2909.0,4648.0,6270.0,7616.0,8809.0,9924.0,10956.0,13971,0.23517763593644528
-305689934#1,25006730#0,11.399914612532612,3.0,122.0,1036.0,3158.0,5876.0,8296.0,10020.0,11410.0,12510.0,13329.0,15001,0.7898136150314744
172496052#0,24597934#0,2.3298733956817936,10.0,357.0,1537.0,3690.0,6102.0,8061.0,9503.0,10417.0,10961.0,11223.0,11432,0.7410628689161846
24597934#0,172496052#0,2.554560215770761,5.0,53.0,241.0,713.0,1812.0,3326.0,5068.0,6760.0,7972.0,8818.0,10120,0.7410628689161846
-30030782#6,751866381#0,2.702207333866485,1.0,1.0,1.0,1.0,1.0,1.0,1.0,1.0,1.0,1.0,1,0.9399173078499469
202760019#6,-110575582#2,3.695484045372978,56.0,326.0,1064.0,2564.0,4461.0,6503.0,8434.0,10128.0,11500.0,12602.0,14994,0.5852064761329381
42861130#0,27588412#0,1.0906202260538254,2.0,4.0,4.0,4.0,4.0,4.0,4.0,4.0,4.0,4.0,4,0.02401192179991001
25157015#1,202760019#6,5.377952390850197,1.0,1.0,1.0,1.0,1.0,1.0,1.0,1.0,1.0,1.0,1,0.9886075076409157
-886571928#1,8169839,1.310357257699733,2.0,5.0,29.0,44.0,95.0,162.0,237.0,335.0,388.0,444.0,600,0.16782219347504898
-389519619#1,-27202663#2,2.427805279646428,1.0,1.0,1.0,1.0,1.0,1.0,1.0,1.0,1.0,1.0,1,0.3393700958343488
751866381#0,172962794#2,2.0165297442116814,1.0,1.0,1.0,1.0,1.0,1.0,1.0,1.0,1.0,1.0,1,0.5864410104181537
888683700,1086284413,2.076562099691277,2.0,10.0,24.0,45.0,91.0,146.0,258.0,398.0,544.0,681.0,931,0.6308615743304752
159915363#0,203478088#0,4.982159101713498,56.0,391.0,1209.0,2518.0,4193.0,5911.0,7514.0,8907.0,10242.0,11547.0,14990,0.8353356610075858
22926846#0,-110575582#2,0.9461133548677492,1.0,2.0,2.0,5.0,7.0,8.0,12.0,18.0,30.0,42.0,1802,0.13743153773218017
915119863#0,706139037,1.7720854573416125,1.0,1.0,1.0,1.0,1.0,1.0,1.0,1.0,1.0,1.0,1,0.4603524449702457
158020256#5,-475935033#1,0.6901526904452951,1.0,1.0,1.0,1.0,1.0,1.0,1.0,1.0,1.0,1.0,1,0.15037663271448104
24578989,706139037,2.4302119336337693,1.0,1.0,1.0,1.0,1.0,1.0,1.0,1.0,1.0,1.0,1,0.9387988036970634
753275599#0,-241765544#4,4.24184798565966,99.0,364.0,841.0,1824.0,3370.0,5299.0,7347.0,9252.0,10792.0,11822.0,13083,0.24077201013409613
549022166,24975582#0,2.174993482054812,1.0,1.0,1.0,1.0,1.0,1.0,1.0,1.0,1.0,1.0,1,0.9045724589571438
11655636#0-AddedOnRampEdge,159915376#2,5.495822011807432,41.0,276.0,861.0,1977.0,3447.0,4968.0,6669.0,8314.0,9893.0,11202.0,15000,0.923308100084492
46201350#0,159915376#2,5.020945585999312,91.0,583.0,1486.0,2766.0,4207.0,5717.0,7220.0,8800.0,10386.0,11877.0,15000,0.8430621991123068
24550665#0,751866381#0,1.7475686317448018,13.0,63.0,225.0,499.0,805.0,1167.0,1453.0,1646.0,1776.0,1842.0,1888,0.49591695594367097
158020256#5,25340253#0,0.6901526904452951,1.0,1.0,1.0,1.0,1.0,1.0,1.0,1.0,1.0,1.0,1,0.1654272045135949
27317795#0,24942843#0,1.7685309398864435,2.0,11.0,33.0,82.0,167.0,295.0,443.0,561.0,649.0,700.0,714,0.5406925468785042
46201350#0,24985704#2,5.045494880073735,189.0,1028.0,2466.0,4400.0,6694.0,9002.0,11008.0,12608.0,13707.0,14385.0,15001,0.9794967107237402
273656458#0,23390363#0,3.9005263454550505,184.0,1020.0,2511.0,4487.0,6848.0,9202.0,11161.0,12637.0,13688.0,14346.0,14994,0.7418389743395661
751866381#0,706139037,1.9095776085979828,1.0,1.0,1.0,1.0,1.0,1.0,1.0,1.0,1.0,1.0,1,0.5018066466063573
154816260#0,-24844937#7,6.823718017315082,148.0,776.0,2371.0,4928.0,7818.0,10386.0,12346.0,13579.0,14271.0,14653.0,15001,0.4174907588384368
49137080#0,1017363471,1.1431344219106627,1.0,1.0,1.0,1.0,1.0,1.0,1.0,1.0,1.0,1.0,1,0.3490043364124589
27203168#3,24985704#2,0.6876020177897335,1.0,1.0,1.0,1.0,1.0,1.0,1.0,1.0,1.0,1.0,1,0.05696123077516718
158020256#5,23158529#0,2.579198439666477,65.0,311.0,939.0,2144.0,3844.0,5959.0,7987.0,9789.0,11276.0,12257.0,13002,0.8761593982099805
-475935033#1,491331618#4,1.8890217055281189,1.0,1.0,1.0,1.0,1.0,1.0,1.0,1.0,1.0,1.0,1,0.7040544117814823
24605118#0,46201350#0,4.017502730773948,68.0,275.0,704.0,1306.0,2002.0,2676.0,3475.0,4419.0,5315.0,6200.0,13570,0.5980483136063517
-705573917,24605118#0,4.522578204711646,167.0,643.0,1608.0,2862.0,4216.0,5694.0,7219.0,8723.0,10062.0,11257.0,14989,0.7888027256244138
8169839,203478088#0,3.088125305307545,57.0,259.0,629.0,1150.0,2022.0,3247.0,4446.0,5430.0,6232.0,7024.0,11526,0.46669915691428193
24578989,915828044#0,1.5565271177333224,135.0,510.0,1084.0,1568.0,1920.0,2155.0,2308.0,2376.0,2409.0,2409.0,2411,0.40388130680198625
799107046#0,608929071#0,3.568477732377646,341.0,2045.0,4845.0,7743.0,10056.0,11752.0,12926.0,13774.0,14320.0,14636.0,14874,0.5928925439069139
-49773053#10,181315427#0,3.175070044032805,1.0,1.0,1.0,1.0,1.0,1.0,1.0,1.0,1.0,1.0,1,0.14879290676130993
354964410#0,-27202663#2,2.1568020301236377,1.0,1.0,1.0,1.0,1.0,1.0,1.0,1.0,1.0,1.0,1,0.2661569692057799
159915363#0,23390363#0,1.7696983955920902,82.0,714.0,1709.0,2833.0,4348.0,5980.0,7566.0,8994.0,10282.0,11232.0,12293,0.23361125405736574
24909060#4,799107046#0,5.062218140254679,224.0,990.0,2081.0,3620.0,5548.0,7632.0,9636.0,11205.0,12250.0,12997.0,14677,0.7963480611076663
27317795#0,24937323,1.5241479233699329,4.0,17.0,59.0,187.0,448.0,993.0,1601.0,2136.0,2517.0,2788.0,3015,0.4265649393767132
1017363471,24695297#0,1.8665068137779184,1.0,1.0,1.0,1.0,1.0,1.0,1.0,1.0,1.0,1.0,1,0.7826772380280771
549022166,24785306#4,1.3776389319923987,2.0,8.0,21.0,46.0,111.0,274.0,763.0,1305.0,1687.0,1909.0,2028,0.3620227367555383
-583703158#7,42860168,13.323064583325593,3.0,22.0,168.0,790.0,2094.0,3959.0,5945.0,7749.0,9432.0,10988.0,15001,0.9753308543512238
-172962794#1,751866381#0,2.130311789778021,1.0,1.0,1.0,1.0,1.0,1.0,1.0,1.0,1.0,1.0,1,0.735967588365605
46201350#0,466171351,4.162191815108361,722.0,2591.0,5323.0,8063.0,10417.0,12177.0,13178.0,13942.0,14427.0,14680.0,14917,0.7150592672072573
-288211979#3,-24844937#7,4.602661874226672,1.0,1.0,1.0,1.0,1.0,1.0,1.0,1.0,1.0,1.0,1,0.28061195376872394
-49773053#10,25026462#2,5.335203519767517,182.0,561.0,1383.0,2926.0,5005.0,7251.0,9336.0,11138.0,12626.0,13637.0,14791,0.2649962396051792
24605118#0,202760019#6,2.741486727040798,72.0,311.0,1249.0,3054.0,5328.0,7560.0,9451.0,10966.0,12093.0,12892.0,14155,0.3687067239729176
799107046#0,305428846#1,1.4530245997001454,1.0,1.0,1.0,1.0,1.0,1.0,1.0,1.0,1.0,1.0,1,0.13061712766320346
-705573917,23390363#0,4.920575068530245,90.0,413.0,1015.0,1794.0,2786.0,3993.0,5262.0,6543.0,7876.0,9043.0,15001,0.8498841110546169
-705573917,22926846#0,3.077710639390211,402.0,1497.0,3262.0,5159.0,7050.0,9018.0,10721.0,12043.0,13059.0,13813.0,14884,0.4348714357322131
159915376#2,354964410#0,3.806278995214794,1089.0,2976.0,5139.0,7714.0,10381.0,12413.0,13478.0,13898.0,14213.0,14436.0,14588,0.6284905773365969
24975582#0,-25340239#1,1.9737398065057112,3.0,8.0,10.0,14.0,14.0,14.0,14.0,14.0,14.0,14.0,14,0.526618604000179
225402530#1,42861130#0,12.176816032263003,8.0,67.0,360.0,1036.0,2097.0,3679.0,5489.0,7491.0,9376.0,11104.0,15001,0.7937706663344779
-94342353#13,273656458#0,1.5736031368888737,57.0,79.0,105.0,184.0,409.0,652.0,820.0,847.0,847.0,847.0,847,0.2583466166348185
22926846#0,24985704#2,4.288776181554738,258.0,1528.0,3767.0,6473.0,8980.0,11033.0,12519.0,13454.0,14072.0,14468.0,14999,0.7763862655621087
42860168,225402530#1,12.140230801142527,3.0,25.0,153.0,519.0,1225.0,2350.0,3827.0,5546.0,7331.0,9070.0,15001,0.8519818312916185
23158529#0,706139037,2.3641198992968606,1.0,1.0,1.0,1.0,1.0,1.0,1.0,1.0,1.0,1.0,1,0.8606199744943831
172962794#2,549022166,2.124519974215243,1.0,1.0,1.0,1.0,1.0,1.0,1.0,1.0,1.0,1.0,1,0.802941008178701
-80397754#8,23390363#0,1.1313335713799462,10.0,82.0,158.0,220.0,298.0,373.0,432.0,459.0,464.0,464.0,464,0.14585930632058947
27317795#0,24597928#0,1.6760053639021455,2.0,4.0,18.0,24.0,30.0,39.0,46.0,54.0,77.0,115.0,2867,0.4999807706074037
24975582#0,1086284413,2.464620478845769,1.0,1.0,1.0,1.0,1.0,1.0,1.0,1.0,1.0,1.0,1,0.9779652925262936
608929071#0,354964410#0,3.6440427406607694,58.0,332.0,982.0,2193.0,3760.0,5355.0,6823.0,8131.0,9498.0,10940.0,14990,0.8386977936389459
915119863#0,-25005050#1,2.3857343462753056,890.0,5003.0,9008.0,10732.0,11549.0,12328.0,12931.0,13155.0,13207.0,13221.0,13222,0.9388811715886028
-705573917,-110575582#2,3.699728676771727,224.0,876.0,2009.0,3389.0,5017.0,6829.0,8625.0,10250.0,11603.0,12670.0,14994,0.5723029734643933
11655636#0-AddedOnRampEdge,466171351,4.229205573546186,431.0,1839.0,3316.0,4576.0,5617.0,6833.0,8421.0,9952.0,11013.0,11748.0,14562,0.6348133662350721
608929071#0,273656458#0,3.7740061020536175,58.0,736.0,2228.0,4091.0,6462.0,9039.0,11269.0,12871.0,13873.0,14491.0,14989,0.9092818967117289
25006730#0,-583703158#7,12.211285854484547,1.0,1.0,1.0,1.0,1.0,1.0,1.0,1.0,1.0,1.0,1,0.762209634964654
491331618#4,172496052#0,0.989462480486068,1.0,1.0,3.0,8.0,9.0,10.0,16.0,20.0,24.0,24.0,24,0.27027009758569526
42861130#0,-583703158#7,12.89756656831356,1.0,56.0,450.0,1552.0,3204.0,5130.0,7202.0,9238.0,11101.0,12526.0,15001,0.9171196893940831
225402530#1,-224928159,2.3362471759239654,1.0,1.0,1.0,1.0,1.0,1.0,1.0,1.0,1.0,1.0,1,0.12975402784423712
25157015#1,27203168#3,5.078692226504265,1.0,1.0,1.0,1.0,1.0,1.0,1.0,1.0,1.0,1.0,1,0.8778980251687577
24605118#0,27203168#3,3.2254897265937363,42.0,304.0,953.0,1935.0,2906.0,4008.0,5171.0,6260.0,7429.0,8577.0,14507,0.4794162064450752
491331618#4,-475935033#1,1.968997141578776,1.0,1.0,1.0,1.0,1.0,1.0,1.0,1.0,1.0,1.0,1,0.7040544117814823
24695297#0,706139037,2.2629149063410265,1.0,1.0,1.0,1.0,1.0,1.0,1.0,1.0,1.0,1.0,1,0.9308608924188194
888683700,27317795#0,1.3400650377968095,1.0,2.0,2.0,2.0,3.0,4.0,7.0,12.0,19.0,24.0,54,0.38691161028596577
305428846#1,-80397754#8,5.4964055464394255,32.0,269.0,989.0,2062.0,3505.0,5151.0,6924.0,8683.0,10331.0,11708.0,15000,0.9570138515130052
24785306#4,23158529#0,2.351754180426036,62.0,363.0,1117.0,2612.0,4630.0,6871.0,8636.0,9838.0,10614.0,11133.0,11604,0.7830961178942507
608929071#0,43024557,2.9215411558351096,204.0,623.0,1152.0,2004.0,3199.0,4802.0,6521.0,8369.0,9965.0,11325.0,14455,0.4318027244924612
-158020275#4,27203168#3,3.828555598448771,13.0,447.0,1216.0,2289.0,3010.0,3499.0,4120.0,4684.0,5353.0,6076.0,7691,0.5306922107091254
-27202663#2,305428846#1,4.20620806568816,425.0,1946.0,3737.0,5577.0,6707.0,7691.0,8581.0,9102.0,9503.0,9697.0,9936,0.6425793466010152
159915376#2,27203168#3,1.7937403906035192,0.0,0.0,14.0,263.0,1084.0,1936.0,2541.0,3262.0,4127.0,4835.0,5606,0.23440232093912
-769920219#1,159915363#0,2.93783583638678,109.0,647.0,1859.0,3859.0,6028.0,7992.0,9664.0,11069.0,12126.0,12887.0,13958,0.44396303930075
44779234#2,-25163955#11,10.68757074724655,11.0,135.0,529.0,1149.0,2070.0,3313.0,4765.0,6287.0,7824.0,9292.0,15001,0.6718424377050076
608929071#0,-590598818#1,3.217537517999036,17.0,144.0,427.0,1016.0,1890.0,2818.0,3870.0,4875.0,5846.0,6784.0,13564,0.44052551154786895
11655636#0-AddedOnRampEdge,-80397754#8,5.58201834276666,30.0,188.0,490.0,1090.0,1969.0,3087.0,4342.0,5680.0,7106.0,8380.0,15001,0.8852349063293297
1017363471,706139037,1.1734400614165557,1.0,1.0,1.0,1.0,1.0,1.0,1.0,1.0,1.0,1.0,1,0.28646186955310343
-705573917,27203168#3,4.97755929154922,338.0,1980.0,4334.0,5988.0,7442.0,9024.0,10552.0,11683.0,12396.0,12793.0,13353,0.7317810679305111
24975582#0,24695297#0,1.8972287209155767,1.0,1.0,1.0,1.0,1.0,1.0,1.0,1.0,1.0,1.0,1,0.6920182109052285
24701900#3,-94342353#13,3.044824685195638,184.0,836.0,2201.0,4113.0,5833.0,7211.0,8084.0,8782.0,9570.0,10505.0,14581,0.4524161737748116
24550665#0,-475935033#1,2.0968177176198464,1.0,1.0,1.0,1.0,1.0,1.0,1.0,1.0,1.0,1.0,1,0.884879607968873
799107046#0,159915363#0,4.764650437407055,89.0,1203.0,3769.0,7119.0,10166.0,12200.0,13515.0,14256.0,14611.0,14820.0,14960,0.8246170730870152
27203168#3,24605118#0,3.0130530150001387,485.0,1507.0,2951.0,4938.0,7739.0,10135.0,11796.0,12874.0,13569.0,13922.0,14259,0.4794162064450752
888683700,24942843#0,2.4239682578810613,8.0,69.0,271.0,690.0,1327.0,2102.0,2766.0,3416.0,4121.0,4933.0,7302,0.92760415716447
25157015#1,159915363#0,5.108796412908835,1.0,1.0,1.0,1.0,1.0,1.0,1.0,1.0,1.0,1.0,1,0.9373784078737359
324493318#0,203478088#0,0.7052842316646436,3.0,6.0,7.0,7.0,10.0,15.0,25.0,28.0,28.0,29.0,29,0.0928652527751164
24937323,915119863#0,0.2694454356864858,1.0,1.0,1.0,1.0,1.0,1.0,1.0,1.0,1.0,1.0,1,0.042123024452108186
25157015#1,354964410#0,3.0961911599909016,1.0,1.0,1.0,1.0,1.0,1.0,1.0,1.0,1.0,1.0,1,0.4838097687712809
-886571928#1,203478088#0,4.090175622924178,56.0,353.0,916.0,1725.0,2811.0,4014.0,5331.0,6632.0,7983.0,9203.0,14790,0.6345213503893309
915522877#0,24695297#0,1.8308540177495047,5.0,16.0,51.0,190.0,370.0,678.0,1144.0,1819.0,2894.0,4101.0,6152,0.5034627589339877
549206863#0,-172962794#1,1.9471705969902389,1.0,1.0,1.0,1.0,1.0,1.0,1.0,1.0,1.0,1.0,1,0.900933475633764
915119863#0,-25340239#1,1.2178375740071152,1.0,1.0,1.0,1.0,1.0,1.0,1.0,1.0,1.0,1.0,1,0.31085473764601845
24605118#0,159915376#2,1.7852861191986105,1.0,1.0,1.0,1.0,1.0,1.0,1.0,1.0,1.0,1.0,1,0.24501388550595526
1086284413,915828044#0,2.609235024074472,325.0,1278.0,2149.0,3713.0,5657.0,7486.0,9413.0,11049.0,12055.0,12566.0,13351,0.8642381072545813
-288211979#3,25006730#0,6.786515991347133,1.0,1.0,1.0,1.0,1.0,1.0,1.0,1.0,1.0,1.0,1,0.4386596389695718
-30030782#6,24578989,1.706244112578626,0.0,8.0,91.0,320.0,742.0,1509.0,2392.0,3337.0,4258.0,4937.0,6080,0.5006881424534739
305428846#1,-886571928#1,5.085105939011063,76.0,528.0,1518.0,2876.0,4342.0,5712.0,7077.0,8424.0,9598.0,10745.0,15000,0.8439514886315265
159915376#2,273656458#0,3.734406733469085,607.0,1527.0,2561.0,4136.0,6097.0,8776.0,10990.0,12460.0,13198.0,13633.0,14376,0.5579064742638141
915828044#0,24942843#0,2.368831504156075,1.0,1.0,1.0,1.0,1.0,1.0,1.0,1.0,1.0,1.0,1,0.8390193099114238
23390363#0,608929071#0,2.214461922608156,34.0,288.0,893.0,1721.0,2716.0,3815.0,5013.0,6035.0,6877.0,7588.0,9183,0.3488791289487052
24985704#2,159915363#0,1.0730962820496663,1.0,1.0,1.0,1.0,1.0,1.0,1.0,1.0,1.0,1.0,1,0.12776233618233934
273656458#0,202760019#6,3.0566870570671307,466.0,935.0,1098.0,1520.0,2161.0,2676.0,2984.0,3192.0,3306.0,3423.0,3654,0.43421363579685185
159915363#0,-158020275#4,4.768837070210995,202.0,672.0,1333.0,2138.0,3158.0,4254.0,5571.0,7008.0,8616.0,10077.0,14075,0.7154157776666319
25026462#2,44779234#2,6.229083525974241,33.0,209.0,620.0,1186.0,2118.0,3495.0,5074.0,6624.0,8044.0,9367.0,14613,0.3638941225012745
549206863#0,158020256#5,1.2755747229778631,1.0,1.0,1.0,1.0,1.0,1.0,1.0,1.0,1.0,1.0,1,0.4035519065788797
24550665#0,172962794#2,2.135123704635681,1.0,1.0,1.0,1.0,1.0,1.0,1.0,1.0,1.0,1.0,1,0.9176420336381755
348439788#0,154816260#0,12.612085109977013,19.0,239.0,1066.0,2718.0,5342.0,8098.0,10502.0,12312.0,13475.0,14222.0,15001,0.7842481299113612
24985704#2,202760019#6,0.6253255086643666,1.0,1.0,1.0,1.0,1.0,1.0,1.0,1.0,1.0,1.0,1,0.053748251696990296
24578989,-172962794#1,1.6560135330846757,1.0,1.0,1.0,1.0,1.0,1.0,1.0,1.0,1.0,1.0,1,0.7046378619378157
24808689#0,25340253#0,2.438034147817664,1.0,1.0,1.0,1.0,1.0,1.0,1.0,1.0,1.0,1.0,1,0.8545490476968985
24808689#0,888683700,0.2505191287717711,1.0,1.0,1.0,1.0,1.0,1.0,1.0,1.0,1.0,1.0,1,0.011538404904328198
549206863#0,915828044#0,2.4050836058907143,83.0,439.0,888.0,1724.0,2892.0,4040.0,5104.0,6348.0,7616.0,8612.0,10808,0.7983099692304068
24597934#0,549022166,2.0235047975036085,5.0,16.0,47.0,126.0,358.0,807.0,1315.0,1811.0,2162.0,2376.0,2544,0.5693845333262225
1017363471,706139037,1.1734400614165557,1.0,1.0,1.0,1.0,1.0,1.0,1.0,1.0,1.0,1.0,1,0.28646186955310343
549206863#0,24597928#0,2.105613585799034,4.0,21.0,47.0,151.0,390.0,888.0,1661.0,2500.0,3330.0,4139.0,8105,0.6780025966277385
-25340239#1,354964366#3,0.987374795838767,1.0,1.0,1.0,1.0,1.0,1.0,1.0,1.0,1.0,1.0,1,0.2516617169072933
915828044#0,172496052#0,2.4896240148145514,0.0,125.0,1049.0,2943.0,5282.0,7319.0,8778.0,9650.0,10101.0,10336.0,10499,0.9184541943279804
23390363#0,202760019#6,2.4349311106418696,61.0,351.0,1093.0,2692.0,4746.0,6822.0,8582.0,9987.0,10949.0,11541.0,12270,0.3076253385427144
23158529#0,-475935033#1,2.114619330200387,1.0,1.0,1.0,1.0,1.0,1.0,1.0,1.0,1.0,1.0,1,0.9734639690755389
324493318#0,22926846#0,0.7574926895044797,1.0,1.0,1.0,1.0,1.0,1.0,1.0,1.0,1.0,1.0,1,0.0938464788527003
-590598818#1,24701900#3,4.022364877448512,49.0,276.0,834.0,1828.0,3112.0,4694.0,6303.0,7870.0,9401.0,10673.0,14812,0.6390446178499676
11655636#0-AddedOnRampEdge,324493318#0,1.8893908465609133,21.0,60.0,289.0,745.0,1438.0,2526.0,3627.0,4932.0,6264.0,7292.0,9782,0.23051644583363623
-475935033#1,751866381#0,1.4381050612674782,1.0,1.0,1.0,1.0,1.0,1.0,1.0,1.0,1.0,1.0,1,0.3889626520252018
-590598818#1,-158020275#4,4.868233715425497,206.0,929.0,2051.0,3765.0,5774.0,7854.0,9911.0,11679.0,12944.0,13816.0,14963,0.8573806491248337
915119863#0,-172962794#1,2.1319797989728144,1.0,1.0,1.0,1.0,1.0,1.0,1.0,1.0,1.0,1.0,1,0.6945133867294936
25157015#1,8169839,3.4920288686953915,1.0,1.0,1.0,1.0,1.0,1.0,1.0,1.0,1.0,1.0,1,0.5687419037804321
-158020275#4,466171351,2.364995588895108,46.0,59.0,173.0,192.0,332.0,585.0,687.0,695.0,695.0,695.0,695,0.3232159979678097
-110575582#2,202760019#6,3.850603831270984,119.0,791.0,1705.0,2789.0,4213.0,6008.0,7732.0,9225.0,10524.0,11637.0,14973,0.5852064761329381
-172962794#1,354964366#3,1.911009306159397,1.0,1.0,1.0,1.0,1.0,1.0,1.0,1.0,1.0,1.0,1,0.6353203659907684
27203168#3,22926846#0,4.106417362666469,128.0,586.0,1440.0,2758.0,4622.0,6847.0,9024.0,10975.0,12485.0,13568.0,14983,0.8333474963372759
915522877#0,24975582#0,1.0035143104665938,1.0,1.0,1.0,1.0,1.0,1.0,1.0,1.0,1.0,1.0,1,0.18855545197124082
24808689#0,751866381#0,2.5116466365461703,24.0,149.0,398.0,756.0,1239.0,1636.0,2250.0,3107.0,4205.0,5305.0,11113,0.7414377284787855
-288211979#3,42860168,9.852968612693562,1.0,1.0,1.0,1.0,1.0,1.0,1.0,1.0,1.0,1.0,1,0.6517808583561415
888683700,706139037,2.444542368883824,4206.0,6858.0,8178.0,8828.0,8941.0,8948.0,8949.0,8949.0,8949.0,8949.0,8949,0.7682940298191833
-30030782#6,706139037,1.817736498258529,129.0,129.0,129.0,129.0,129.0,129.0,129.0,129.0,129.0,129.0,129,0.43811066124358955
46201350#0,202760019#6,5.329790369490099,175.0,631.0,1453.0,2453.0,3925.0,5760.0,7588.0,9208.0,10614.0,11825.0,14996,0.9667550375792684
354964410#0,24909060#4,3.9340199946930055,294.0,1093.0,2182.0,3423.0,4582.0,5599.0,6761.0,7479.0,7994.0,8492.0,10137,0.5505428113756343
27203168#3,46201350#0,4.860885880146471,200.0,716.0,1617.0,3241.0,5438.0,7834.0,9944.0,11635.0,12845.0,13657.0,14977,0.9225354799485731
751866381#0,23158529#0,2.1407884320673047,24.0,146.0,484.0,1178.0,2621.0,4399.0,5982.0,6974.0,7413.0,7558.0,7621,0.6375733788992596
-475935033#1,24578989,2.234557962535344,1.0,1.0,1.0,1.0,1.0,1.0,1.0,1.0,1.0,1.0,1,0.9483572017217807
-25005050#1,549022166,2.394968940117896,186.0,1136.0,3439.0,5865.0,7327.0,7970.0,8335.0,8486.0,8589.0,8618.0,8646,0.8031646290147383
324493318#0,-80397754#8,4.399455451471885,61.0,233.0,709.0,1578.0,2668.0,4061.0,5728.0,7461.0,9263.0,10882.0,14993,0.6547184604956934
-25340239#1,1086284413,1.5640074519523604,1.0,1.0,1.0,1.0,1.0,1.0,1.0,1.0,1.0,1.0,1,0.45134668852611437
24785306#4,49137080#0,2.754551684931905,237.0,1401.0,3186.0,5281.0,7768.0,10041.0,11572.0,12632.0,13307.0,13669.0,14135,0.9917501135769285
-172962794#1,915119863#0,2.104048811805864,1.0,1.0,1.0,1.0,1.0,1.0,1.0,1.0,1.0,1.0,1,0.6945133867294936
22926846#0,202760019#6,4.4478387083497,145.0,786.0,1669.0,2840.0,4472.0,6182.0,7794.0,9300.0,10635.0,11759.0,14991,0.7226380138651182
23390363#0,46201350#0,4.43631421023496,85.0,467.0,1159.0,2233.0,3411.0,4510.0,5575.0,6517.0,7331.0,8131.0,14288,0.6591296990365548
-172962794#1,24550665#0,1.938352822379252,1.0,1.0,1.0,1.0,1.0,1.0,1.0,1.0,1.0,1.0,1,0.7681154556907239
-475935033#1,549022166,1.813043868591362,1.0,1.0,1.0,1.0,1.0,1.0,1.0,1.0,1.0,1.0,1,0.6054626497857489
-49773053#10,-224928159,9.497970708578508,19.0,189.0,657.0,1562.0,2858.0,4472.0,6033.0,7573.0,9003.0,10256.0,15001,0.5536199875151956
27317795#0,-25340239#1,2.092051934895113,1.0,1.0,1.0,1.0,1.0,1.0,1.0,1.0,1.0,1.0,1,0.6952966525706237
-769920219#1,24909060#4,3.191501915360059,135.0,1233.0,3636.0,6405.0,8780.0,10820.0,12381.0,13433.0,14062.0,14411.0,14755,0.4722320512800989
-27202663#2,306145142#1,1.5040811743417883,1.0,1.0,1.0,1.0,1.0,1.0,1.0,1.0,1.0,1.0,1,0.1550932223230574
154816260#0,181315427#0,6.106236081882939,125.0,614.0,1786.0,3426.0,5472.0,7594.0,9657.0,11338.0,12614.0,13532.0,15000,0.3637225769445148
-241765544#4,154816260#0,8.8482086295587,11.0,113.0,567.0,1795.0,3970.0,6582.0,9273.0,11434.0,12892.0,13880.0,15001,0.5457904820124527
