origin,destination,euclidean,nb_0.1_paths,nb_0.2_paths,nb_0.3_paths,nb_0.4_paths,nb_0.5_paths,nb_0.6_paths,nb_0.7_paths,nb_0.8_paths,nb_0.9_paths,nb_1.0_paths,nb_paths
122371529#0,-291263469,7.51889965711625,2.0,41.0,269.0,905.0,1889.0,3122.0,4490.0,5758.0,6976.0,7986.0,10001
28663778#5,-175691412,1.046382046415922,1.0,1.0,1.0,1.0,1.0,1.0,1.0,1.0,1.0,1.0,1
-60349895,27036530,0.8989158824076544,3.0,8.0,13.0,16.0,16.0,16.0,16.0,16.0,16.0,16.0,16
572824576#0,739694129,2.628755097618213,1.0,1.0,1.0,1.0,1.0,1.0,1.0,1.0,1.0,1.0,1
164719711#0,29267682#2,1.1656999952340643,2.0,3.0,4.0,4.0,4.0,4.0,4.0,4.0,4.0,4.0,4
121897335#8,-308654652,0.9824448367210922,0.0,0.0,3.0,9.0,34.0,98.0,240.0,424.0,671.0,944.0,2008
23463107#8,-179445663,8.52243412912515,2.0,7.0,55.0,181.0,411.0,760.0,1317.0,2037.0,2782.0,3644.0,10001
27797966#2,-28037251,3.187826583147011,42.0,161.0,354.0,677.0,1110.0,1569.0,2121.0,2667.0,3287.0,3936.0,8292
-223153143,795435755#3,0.8878445252640556,1.0,1.0,1.0,1.0,1.0,1.0,1.0,1.0,1.0,1.0,1
47969742#0,-27776893#2,2.206444898651219,65.0,401.0,850.0,1303.0,1595.0,1734.0,1788.0,1820.0,1827.0,1830.0,1832
164719711#0,-103271284,13.712616064537391,179.0,464.0,731.0,1219.0,1988.0,2750.0,3690.0,4558.0,5309.0,6058.0,9936
164719711#0,171045857,17.065173248871947,1.0,1.0,18.0,137.0,529.0,1269.0,2316.0,3533.0,4755.0,5928.0,10001
137112608#0,28663916#1,0.9229222928470416,6.0,12.0,27.0,49.0,65.0,83.0,100.0,113.0,125.0,126.0,128
22944650#1,78008468#1,1.828122990418695,3.0,14.0,70.0,254.0,581.0,1073.0,1787.0,2689.0,3645.0,4507.0,7644
28279584#0,25877237#2-AddedOnRampEdge,16.74413151729425,139.0,578.0,1148.0,1758.0,2420.0,3103.0,3878.0,4719.0,5542.0,6407.0,9979
197448006,514879384#1,18.060091381581174,50.0,266.0,651.0,1099.0,1694.0,2273.0,2797.0,3395.0,3964.0,4636.0,9933
164719711#0,-291263469,1.3225805697090078,1.0,1.0,1.0,1.0,1.0,1.0,1.0,1.0,1.0,1.0,1
164719711#0,-103968781,1.5767540148660055,3.0,4.0,4.0,4.0,4.0,9.0,15.0,19.0,20.0,20.0,20
-1122924583#3,-50639429,13.90348494816387,98.0,277.0,491.0,801.0,1218.0,1664.0,2235.0,2908.0,3751.0,4716.0,9977
-27458874#5,27457889#1,0.9477826036879832,5.0,12.0,29.0,66.0,136.0,239.0,347.0,474.0,575.0,642.0,735
-167578356#6,-179445663,8.82342772460781,2.0,7.0,38.0,137.0,373.0,712.0,1235.0,1924.0,2722.0,3649.0,10001
128364009#3,26664689#0,14.258396781510296,1.0,1.0,15.0,91.0,328.0,872.0,1768.0,3011.0,4333.0,5627.0,10001
1125659040#2,-191709606,7.957914236614147,28.0,72.0,291.0,866.0,1283.0,1580.0,2016.0,2745.0,3292.0,3597.0,3890
982195954#5,122374424#1,13.156775634465104,14.0,97.0,281.0,604.0,1085.0,1634.0,2217.0,2917.0,3795.0,4771.0,10001
177853127#0,49624657#0,13.434959862161993,2.0,5.0,74.0,326.0,934.0,1778.0,2791.0,3834.0,4893.0,5863.0,10001
572824576#0,48863077#3,2.975086465922831,114.0,918.0,2491.0,3820.0,4286.0,4392.0,4705.0,5430.0,6222.0,6707.0,6854
29249215#3,164719711#11,8.495326893835086,1.0,7.0,69.0,183.0,429.0,850.0,1446.0,2202.0,3167.0,4129.0,10001
27897719,-159049527,6.445614357358293,1.0,15.0,104.0,305.0,738.0,1479.0,2488.0,3697.0,4984.0,6127.0,10001
24210659#1,-28433587,6.658641718707457,8.0,355.0,1169.0,2264.0,3563.0,4952.0,6301.0,7427.0,8286.0,8924.0,9894
197448006,190349523,8.672087521744118,1.0,27.0,213.0,715.0,1508.0,2623.0,3934.0,5257.0,6521.0,7565.0,10001
-28686741#0,27632743,0.7506703244994474,1.0,1.0,1.0,1.0,1.0,1.0,1.0,1.0,1.0,1.0,1
237797690#0,128364005,15.734827354910038,1.0,2.0,7.0,57.0,247.0,635.0,1358.0,2278.0,3446.0,4701.0,10001
164719711#0,24210659#1,17.55397883255839,78.0,431.0,1008.0,1777.0,2559.0,3339.0,4183.0,5055.0,5894.0,6668.0,9987
75590374#0,99475433,1.0772767371842282,1.0,1.0,1.0,1.0,1.0,1.0,1.0,1.0,1.0,1.0,1
-27896812,35302147#1,9.990980316468493,1.0,20.0,89.0,243.0,585.0,1103.0,1826.0,2695.0,3632.0,4649.0,10001
32572650,96898361#0,14.689155197844652,184.0,736.0,1586.0,2623.0,3703.0,4693.0,5591.0,6493.0,7289.0,8012.0,9997
-184767418#3,-128926563,11.556294200578003,125.0,485.0,1046.0,2095.0,3488.0,4937.0,6264.0,7425.0,8315.0,8977.0,9960
997238474#1,-27876045,0.9116717781071104,1.0,1.0,3.0,3.0,3.0,3.0,3.0,3.0,3.0,3.0,3
164719711#0,247680448,16.926617991263267,1.0,2.0,23.0,138.0,470.0,1195.0,2133.0,3345.0,4554.0,5707.0,10001
107562660#0,35302147#0,4.773131398399667,44.0,205.0,503.0,942.0,1445.0,1974.0,2649.0,3400.0,4280.0,5141.0,9226
164719711#0,27921133#0,8.454670722162934,2.0,39.0,298.0,897.0,1877.0,3374.0,4846.0,6230.0,7405.0,8239.0,10001
572824576#0,27797966#0,25.41580993229217,1.0,6.0,42.0,212.0,711.0,1563.0,2715.0,3981.0,5208.0,6306.0,10001
48198595,123974278,7.705545411831639,200.0,1082.0,2823.0,4908.0,6636.0,8003.0,8890.0,9454.0,9728.0,9876.0,9975
164719711#0,514879385,18.4511483863724,29.0,177.0,509.0,901.0,1449.0,2019.0,2621.0,3201.0,3808.0,4492.0,9996
572824576#0,291263469,17.015935757142707,133.0,487.0,958.0,1475.0,2064.0,2634.0,3315.0,4013.0,4731.0,5556.0,9971
94008120,-25699711,4.399980672212006,115.0,340.0,641.0,1397.0,2149.0,3019.0,3853.0,4560.0,5216.0,5811.0,9913
152376930#0,48562771#0,6.160461524663333,6.0,179.0,912.0,2100.0,3389.0,4489.0,5331.0,6127.0,6865.0,7545.0,10001
164719711#0,514879384#1,18.46336035676456,18.0,153.0,431.0,835.0,1356.0,1949.0,2548.0,3189.0,3783.0,4461.0,10000
128648692#3,-27854670,1.2650333271652905,110.0,432.0,855.0,1373.0,2085.0,2773.0,3395.0,3913.0,4272.0,4481.0,4704
35436127,236738476#13,1.7645852413646266,162.0,719.0,1669.0,2819.0,3950.0,4916.0,5607.0,6076.0,6370.0,6501.0,6630
60417834,47984080#0,1.265882684810215,5.0,35.0,95.0,160.0,237.0,304.0,352.0,398.0,436.0,479.0,548
25699682,-124262197#1,6.6441524993821774,145.0,537.0,1262.0,2124.0,2973.0,3813.0,4718.0,5618.0,6451.0,7174.0,9964
-50640017,123974277#5,0.8754730296118779,1.0,1.0,1.0,1.0,1.0,1.0,1.0,1.0,1.0,1.0,1
572824576#0,667034414#0,2.949103923399146,136.0,1257.0,2925.0,3802.0,3962.0,4133.0,4682.0,5552.0,6141.0,6264.0,6275
26967805#7,23980826,1.366034636255635,1.0,1.0,1.0,1.0,1.0,1.0,1.0,1.0,1.0,1.0,1
-27359167,1044721727,3.3604413182537503,99.0,674.0,1513.0,2289.0,3021.0,3859.0,4807.0,5609.0,6264.0,6787.0,8692
681970159#2,196919117,0.9240353107373236,1.0,1.0,1.0,1.0,1.0,1.0,1.0,1.0,1.0,1.0,1
23645904#2,123974278,16.394065541665963,1.0,20.0,163.0,560.0,1401.0,2534.0,3725.0,4908.0,6168.0,7302.0,10001
29458441#3,226236813,5.968358261073894,9.0,205.0,1101.0,2825.0,4880.0,6777.0,8115.0,8961.0,9456.0,9738.0,10001
24210659#1,27797966#0,25.41580993229217,1.0,1.0,24.0,204.0,679.0,1483.0,2546.0,3778.0,5000.0,6113.0,10001
128648692#2,99310136#0,1.1138031241794626,17.0,54.0,129.0,251.0,504.0,973.0,1611.0,2288.0,2812.0,3226.0,3742
190502815#4,122270739#4,1.001734304916208,1.0,3.0,7.0,12.0,27.0,44.0,55.0,93.0,109.0,128.0,171
27797966#0,572824576#0,24.8074850769822,1.0,1.0,50.0,309.0,960.0,1839.0,3035.0,4281.0,5465.0,6581.0,10001
83336783#0,143488752,17.25114257504372,1.0,8.0,82.0,278.0,754.0,1534.0,2537.0,3656.0,4743.0,5784.0,10001
24210659#1,209059664#3,4.0873521264700585,1.0,1.0,1.0,1.0,1.0,1.0,1.0,1.0,1.0,1.0,1
1125633148#0,-121911600#6,8.265769437352224,41.0,75.0,807.0,1422.0,1833.0,2238.0,2865.0,3644.0,4288.0,4811.0,5139
32758333,33560270#1,18.685067362687263,7.0,87.0,332.0,839.0,1664.0,2746.0,3980.0,5212.0,6264.0,7184.0,10001
-28663738,137112602#1,1.0425835020673295,12.0,24.0,58.0,93.0,130.0,167.0,197.0,229.0,267.0,307.0,364
252045980,-121997934,1.1054087821771412,2.0,3.0,5.0,13.0,46.0,78.0,137.0,227.0,350.0,497.0,1488
-143551567#3,28159593#0,0.9151699382513372,1.0,1.0,1.0,1.0,1.0,1.0,1.0,1.0,1.0,1.0,1
197448006,572824576#0,17.14710286031884,61.0,470.0,1257.0,2055.0,2855.0,3650.0,4399.0,5272.0,6049.0,6781.0,9709
197448006,24040425,10.235219008879865,1.0,22.0,83.0,223.0,471.0,882.0,1408.0,2185.0,3013.0,3902.0,10001
197448006,24210659#2,17.120142111371646,60.0,461.0,1143.0,1942.0,2777.0,3561.0,4321.0,5127.0,5925.0,6716.0,9803
184839812#1,129522982#0,14.081626619916284,3.0,15.0,100.0,408.0,1065.0,2113.0,3575.0,5221.0,6611.0,7765.0,10001
143920934#0,-29267812#3,17.579024619828594,17.0,106.0,261.0,408.0,597.0,985.0,1591.0,2556.0,3853.0,5263.0,10001
136065319#0,-147494956#1,1.7861295462919105,21.0,202.0,900.0,2149.0,3667.0,5064.0,6007.0,6612.0,6943.0,7098.0,7284
27721148#2,128321280,6.174328776845264,101.0,300.0,576.0,940.0,1533.0,2216.0,2992.0,3945.0,4984.0,6082.0,9985
-24391388,-103271284,0.9920965005857848,1.0,1.0,1.0,1.0,1.0,1.0,1.0,1.0,1.0,1.0,1
-27922885#1,25877237#2-AddedOnRampEdge,8.36707273979588,1.0,10.0,66.0,300.0,839.0,1627.0,2596.0,3712.0,4808.0,5872.0,10001
33600916#1,76499562,12.953632229421409,1.0,2.0,47.0,237.0,726.0,1507.0,2461.0,3551.0,4582.0,5562.0,10001
-27413552#3,572824576#0,18.845545854254265,1.0,7.0,86.0,514.0,1493.0,2906.0,4623.0,6414.0,7876.0,8870.0,10001
122291176#1,-128321241#0,16.681120301085013,1.0,1.0,6.0,37.0,174.0,551.0,1290.0,2453.0,3807.0,5201.0,10001
168446203#0,147494946#0,1.6826689232899132,1.0,1.0,1.0,1.0,1.0,1.0,1.0,1.0,1.0,1.0,1
124598033#0,25699682,4.369359843003035,80.0,287.0,598.0,1056.0,1709.0,2495.0,3495.0,4618.0,5803.0,6857.0,9948
997238476,155876897#3,0.9365424297276828,7.0,13.0,32.0,71.0,109.0,135.0,182.0,229.0,251.0,321.0,670
24210584#18,164719711#11,17.80993781710243,86.0,312.0,639.0,1054.0,1488.0,1920.0,2407.0,2952.0,3474.0,4043.0,9997
24210659#1,35980305#1,6.687705114119281,8.0,299.0,1090.0,2251.0,3492.0,4864.0,6243.0,7394.0,8330.0,8934.0,9894
277614795#0,-233019082#0,9.808141422676874,131.0,505.0,992.0,1723.0,2971.0,4298.0,5670.0,6896.0,7928.0,8706.0,9957
-123974277#5,50640017,0.8754730296118779,1.0,1.0,1.0,1.0,1.0,1.0,1.0,1.0,1.0,1.0,1
109713689#0,-184839824,9.0863797843141,132.0,504.0,965.0,1640.0,2554.0,3636.0,4853.0,6093.0,7249.0,8162.0,9888
106708500,24609456,1.2264254174078122,87.0,315.0,909.0,1707.0,2604.0,3369.0,3878.0,4167.0,4323.0,4383.0,4450
-23825533#1,-103968781,11.313529548513406,1.0,3.0,28.0,126.0,383.0,777.0,1351.0,2040.0,2876.0,3824.0,10001
24210659#1,209059664#1,3.202869162595119,1.0,1.0,1.0,1.0,1.0,1.0,1.0,1.0,1.0,1.0,1
48204290#0,-27136776#1,2.98839984481986,53.0,662.0,2039.0,3488.0,5065.0,6406.0,7393.0,8124.0,8700.0,9104.0,9978
32572650,103271284,7.199269084310486,1.0,1.0,1.0,1.0,1.0,1.0,1.0,1.0,1.0,1.0,1
24210659#1,-28434425#1,6.347912219233593,18.0,373.0,1200.0,2373.0,3669.0,5019.0,6379.0,7560.0,8547.0,9179.0,9985
-50639430,182783200#1-AddedOnRampEdge,0.6948833404464023,1.0,1.0,1.0,1.0,1.0,1.0,1.0,1.0,1.0,1.0,1
30132035,32756815#0,10.772121090350389,1.0,1.0,23.0,159.0,550.0,1307.0,2266.0,3393.0,4589.0,5730.0,10001
205713363#0,35302147#1,12.834931985524577,1.0,6.0,58.0,224.0,576.0,1057.0,1805.0,2671.0,3723.0,4800.0,10001
-28279821#4,211027003,5.023816369306585,145.0,397.0,714.0,1223.0,1740.0,2268.0,2918.0,3610.0,4347.0,5035.0,9460
32601842,-123974277#9,7.365416107749052,1.0,1.0,1.0,1.0,1.0,1.0,1.0,1.0,1.0,1.0,1
187233970#4,27314701#0,0.9998480124939078,6.0,19.0,65.0,145.0,256.0,459.0,732.0,1024.0,1343.0,1617.0,2170
164719711#0,-179445663,1.0615060240789536,1.0,3.0,4.0,4.0,4.0,4.0,4.0,4.0,4.0,4.0,4
128321241#2,23914037#4,13.97451614519966,1.0,3.0,29.0,153.0,505.0,1160.0,2178.0,3399.0,4775.0,6029.0,10001
122763953#0,123974277#5,1.0078778205438033,1.0,1.0,1.0,1.0,1.0,1.0,1.0,1.0,1.0,1.0,1
-28269892,50640017,8.434717273595766,157.0,763.0,1279.0,1697.0,2174.0,2627.0,3134.0,3809.0,4514.0,5258.0,9994
220386139,79561701#0,11.784438537982185,15.0,178.0,466.0,1005.0,1683.0,2497.0,3355.0,4269.0,5278.0,6277.0,9999
24210659#1,29267682#1,17.271604501763484,161.0,553.0,983.0,1461.0,1967.0,2572.0,3220.0,3859.0,4596.0,5336.0,9993
572824576#0,-29267682#0,17.271604501763484,153.0,555.0,978.0,1496.0,2067.0,2730.0,3390.0,4143.0,4889.0,5617.0,9991
23945127#0,29267682#2,16.051729169765757,1.0,1.0,8.0,80.0,308.0,829.0,1677.0,2762.0,4008.0,5315.0,10001
-251365439#0,-123974277#5,7.621737849800686,287.0,1867.0,4413.0,6656.0,7902.0,8690.0,9162.0,9420.0,9615.0,9728.0,9898
25699696#1,103978087#0,4.245123806416854,101.0,383.0,798.0,1570.0,2379.0,3182.0,3999.0,4706.0,5316.0,5817.0,9902
20887611#3,161183811#0,1.0117994737453508,14.0,68.0,219.0,533.0,1038.0,1635.0,2224.0,2769.0,3208.0,3491.0,4043
-615138779#4,35302147#0,17.917559194083836,26.0,118.0,273.0,406.0,547.0,828.0,1314.0,2031.0,2986.0,4122.0,10001
197448006,-123974278,14.294537064280991,60.0,236.0,506.0,962.0,1548.0,2288.0,3171.0,4068.0,4851.0,5555.0,9520
164719711#0,-667668755,3.663659908287545,38.0,239.0,714.0,1437.0,2370.0,3278.0,4104.0,4794.0,5366.0,5887.0,7448
-26986374#1,128669220#6,1.3427224586409914,2.0,2.0,2.0,7.0,10.0,10.0,12.0,15.0,18.0,22.0,22
96898379#0,35302147#0-AddedOffRampEdge,7.655180495136022,9.0,101.0,427.0,1039.0,1776.0,2644.0,3520.0,4358.0,5194.0,5896.0,9985
197448006,27921133#0,8.577529194539348,4.0,84.0,459.0,1074.0,2001.0,3231.0,4605.0,5907.0,7054.0,7922.0,10001
60767499,27776893#0,2.29100582445462,168.0,963.0,2754.0,4572.0,5483.0,5722.0,5763.0,5770.0,5770.0,5770.0,5770
-44626198#1,29305472,13.86498292200424,1.0,3.0,75.0,365.0,1060.0,2133.0,3377.0,4664.0,5828.0,6843.0,10001
197448006,119584168#0,17.03928706741287,1.0,3.0,44.0,226.0,658.0,1397.0,2353.0,3434.0,4636.0,5814.0,10001
197448006,-123974277#6,13.997133808535066,66.0,192.0,429.0,793.0,1276.0,1889.0,2695.0,3573.0,4346.0,5156.0,9511
-212517335,227764344,1.0503533054654952,1.0,1.0,1.0,1.0,1.0,1.0,1.0,1.0,1.0,1.0,1
22884908#1,202613728#1,12.762356791559506,1.0,5.0,84.0,436.0,1190.0,2291.0,3513.0,4741.0,5836.0,6854.0,10001
121760891#1,79080460,5.180760041190275,14.0,72.0,237.0,536.0,1045.0,1823.0,2740.0,3720.0,4835.0,5828.0,9999
32572650,-39317217#5,23.611081929702,13.0,87.0,371.0,870.0,1577.0,2432.0,3372.0,4233.0,5102.0,5869.0,10001
843412139,22951250#0,17.473564177465768,2.0,15.0,92.0,272.0,671.0,1361.0,2308.0,3357.0,4431.0,5463.0,10001
164719711#0,291263469,1.233742850815406,1.0,1.0,1.0,1.0,1.0,1.0,1.0,1.0,1.0,1.0,1
26827930#0,27776874#0,2.806522179673375,88.0,451.0,1304.0,2518.0,3590.0,4286.0,4731.0,5054.0,5341.0,5537.0,5751
665218406#2,196795239#2,14.47266206080528,181.0,447.0,787.0,1141.0,1541.0,2010.0,2548.0,3167.0,3828.0,4521.0,9896
30103582#2,-27339585#2,1.0543639642146254,6.0,16.0,38.0,99.0,199.0,296.0,394.0,485.0,543.0,577.0,598
26804822#7,-48198578,0.5604180181963797,1.0,1.0,1.0,1.0,1.0,1.0,1.0,1.0,1.0,1.0,1
27458817#1,-27458958#2,1.2735315908699507,6.0,33.0,99.0,220.0,369.0,584.0,936.0,1352.0,1783.0,2153.0,2701
164719711#0,189740275,9.974717866883044,3.0,19.0,61.0,170.0,401.0,806.0,1433.0,2291.0,3307.0,4386.0,10001
-211042715,-123974277#5,16.233546068842767,1.0,21.0,232.0,830.0,1774.0,2984.0,4169.0,5368.0,6494.0,7541.0,10001
26944482#0,-25699679#1,16.967873207830955,1.0,1.0,3.0,32.0,193.0,653.0,1531.0,2721.0,4130.0,5609.0,10001
23425322#3,-27943498#0,2.1776904776224693,56.0,381.0,1033.0,1696.0,2114.0,2353.0,2679.0,3093.0,3436.0,3697.0,5738
27038086#0,232132657,2.4475836666016053,50.0,434.0,1153.0,1931.0,2520.0,2890.0,3126.0,3347.0,3488.0,3604.0,3822
27621366,28573808#1,6.050279304731732,3.0,40.0,113.0,227.0,492.0,896.0,1502.0,2264.0,3128.0,4035.0,10000
121455912#1,24391309,9.590104994944848,146.0,457.0,747.0,1019.0,1362.0,1644.0,1924.0,2310.0,2770.0,3335.0,9991
164719711#0,24210584#18,18.34692016368308,22.0,160.0,449.0,879.0,1379.0,1917.0,2494.0,3118.0,3712.0,4395.0,9999
43129262,-50639092,0.8990809939238047,1.0,1.0,1.0,1.0,1.0,1.0,1.0,1.0,1.0,1.0,1
32572650,-123974278,7.450770854777987,1.0,1.0,1.0,1.0,1.0,1.0,1.0,1.0,1.0,1.0,1
28749869#1,25738280#0,13.929230894365498,235.0,567.0,1101.0,1662.0,2277.0,2917.0,3627.0,4392.0,5198.0,5974.0,9874
103212799#1,61558343#5,7.914501010715645,27.0,62.0,256.0,844.0,1276.0,1586.0,2061.0,2732.0,3276.0,3628.0,3993
-121222236#4,15462994#2,8.98815633005497,49.0,204.0,615.0,1370.0,2654.0,4313.0,6020.0,7509.0,8507.0,9157.0,9996
164719711#0,26811449#0,7.977848951941654,39.0,122.0,330.0,648.0,1143.0,1783.0,2630.0,3563.0,4512.0,5558.0,9999
164719711#0,29267682#1,1.0751360994520778,1.0,3.0,4.0,4.0,4.0,4.0,4.0,4.0,4.0,4.0,4
197448006,27857472#0,10.589408932566174,3.0,27.0,90.0,247.0,497.0,1013.0,1668.0,2546.0,3591.0,4685.0,10001
22944083#0,24210659#1,19.058628181713505,1.0,6.0,62.0,439.0,1334.0,2752.0,4491.0,6306.0,7883.0,8856.0,10001
23780706#7,38727013#6,1.6483369246262731,9.0,17.0,30.0,131.0,359.0,638.0,906.0,1127.0,1396.0,1771.0,4633
-615138779#2,291263469,17.955046060439795,28.0,107.0,209.0,345.0,523.0,818.0,1336.0,2127.0,3167.0,4387.0,10001
-27620785,123974277#9,7.438930251058265,172.0,967.0,2398.0,3996.0,5534.0,6966.0,8115.0,8914.0,9432.0,9724.0,9982
22818174,191709617,11.02898229428002,172.0,552.0,1364.0,2981.0,4912.0,6540.0,7731.0,8469.0,8930.0,9279.0,9840
-29470677#0,30965269,0.8019203699599058,1.0,1.0,1.0,1.0,1.0,1.0,1.0,1.0,1.0,1.0,1
58827292#0,-48053165#0,0.6977803327157991,1.0,1.0,1.0,1.0,1.0,1.0,1.0,1.0,1.0,1.0,1
-27621253#1,-27633669,5.469500988599963,13.0,105.0,267.0,630.0,1348.0,2289.0,3402.0,4570.0,5736.0,6813.0,9991
132617728#2,29470677#0,0.5703472708751566,1.0,1.0,1.0,1.0,1.0,1.0,1.0,1.0,1.0,1.0,1
164719711#0,572824576#0,17.55397883255839,95.0,480.0,1095.0,1815.0,2602.0,3441.0,4287.0,5172.0,5989.0,6763.0,9997
682373297,-291263469,17.710314227163124,23.0,155.0,329.0,491.0,673.0,1007.0,1573.0,2428.0,3476.0,4756.0,10001
25699682,27591699#5,6.424150720184773,21.0,237.0,651.0,1327.0,2221.0,3116.0,4088.0,5053.0,5932.0,6730.0,10000
24210659#1,48863077#2,3.008094640666429,100.0,855.0,2368.0,3591.0,3977.0,4057.0,4278.0,4839.0,5607.0,6176.0,6442
291263469,128321241#0,2.6883963361679024,15.0,48.0,103.0,170.0,246.0,307.0,385.0,472.0,536.0,581.0,619
110874361,76142657#0,1.0164848348969378,2.0,3.0,4.0,5.0,5.0,5.0,5.0,5.0,5.0,5.0,5
24210659#1,186059256#0,3.105169516413105,45.0,435.0,1226.0,2067.0,2781.0,3514.0,4044.0,4503.0,4911.0,5364.0,7181
24210659#1,-212770339,4.145723084991301,20.0,26.0,33.0,34.0,34.0,75.0,493.0,1386.0,2216.0,3085.0,5121
-105003373#1,27876007#3,0.9552749036816988,1.0,1.0,1.0,1.0,1.0,1.0,1.0,1.0,1.0,1.0,1
34547562,49885381#2,0.9530828314358996,1.0,1.0,1.0,1.0,1.0,1.0,1.0,1.0,1.0,1.0,1
189536616#0,202461353#0,1.3325056702326394,12.0,18.0,87.0,197.0,368.0,591.0,957.0,1335.0,1826.0,2250.0,3675
27898099#2,29267682#2,8.445615851729244,1.0,7.0,42.0,151.0,395.0,778.0,1337.0,2066.0,2873.0,3792.0,10001
-167578360,140943595#15,1.0866101067211709,1.0,1.0,1.0,1.0,1.0,1.0,1.0,1.0,1.0,1.0,1
27620902,-103271284,7.3407726079799005,179.0,1073.0,2570.0,4184.0,5761.0,7265.0,8432.0,9194.0,9609.0,9812.0,9981
123974277#10,24391309,0.9372568915669932,1.0,1.0,1.0,1.0,1.0,1.0,1.0,1.0,1.0,1.0,1
27620893,-123974277#4,7.4044459993252225,171.0,889.0,2272.0,3872.0,5380.0,6846.0,8015.0,8888.0,9436.0,9737.0,9967
24210659#1,35980304#0,6.588641561273842,20.0,321.0,962.0,2068.0,3363.0,4707.0,6135.0,7362.0,8357.0,8980.0,9906
24210659#1,28434406,6.282882735996526,21.0,396.0,1130.0,2223.0,3538.0,4879.0,6187.0,7419.0,8313.0,8973.0,9972
27333296#0,27635018,5.8395888769835205,15.0,207.0,823.0,1805.0,2767.0,3732.0,4567.0,5365.0,6095.0,6807.0,10000
24210659#1,164719711#11,17.40427220311721,152.0,488.0,921.0,1418.0,1926.0,2461.0,3049.0,3741.0,4428.0,5150.0,9999
164719711#0,25877237#2-AddedOnRampEdge,0.8800355368641686,1.0,1.0,1.0,1.0,1.0,1.0,1.0,1.0,1.0,1.0,1
-184839812#0,-27420743,13.477532955487938,3.0,15.0,79.0,285.0,737.0,1542.0,2642.0,3998.0,5416.0,6692.0,10001
32572650,27876017,11.591474119579848,202.0,1179.0,2771.0,4171.0,5194.0,6029.0,6811.0,7477.0,8006.0,8425.0,9923
32572650,-74464019#1,15.244698853786694,185.0,683.0,1441.0,2550.0,3713.0,4850.0,5769.0,6582.0,7311.0,7990.0,10000
121222227#0,102159408,8.984571765761153,30.0,145.0,475.0,1142.0,2198.0,3596.0,5106.0,6370.0,7376.0,8136.0,10000
187233972#0,232148104,1.0036682537937107,1.0,1.0,1.0,1.0,1.0,1.0,1.0,1.0,1.0,1.0,1
572824576#0,25877237#2,17.561919062729647,163.0,550.0,1037.0,1594.0,2211.0,2944.0,3703.0,4498.0,5364.0,6268.0,9969
102153029#2,30966481,23.825460259148706,1.0,13.0,150.0,529.0,1218.0,2189.0,3353.0,4523.0,5623.0,6635.0,10001
224494293,128321262#0,16.700797654479572,1.0,2.0,4.0,42.0,149.0,458.0,1128.0,2171.0,3488.0,4913.0,10001
33174562#0,-131476997#0,1.2866254835956104,10.0,25.0,64.0,126.0,211.0,314.0,450.0,598.0,747.0,850.0,1332
992198192,50639430,7.647497574568799,274.0,1952.0,4632.0,6800.0,8090.0,8782.0,9219.0,9508.0,9673.0,9777.0,9920
164719711#0,28272871,17.298354063705865,64.0,388.0,958.0,1763.0,2557.0,3355.0,4210.0,5045.0,5908.0,6723.0,9995
-103968781,123974277#9,13.814890464198465,112.0,280.0,484.0,702.0,1039.0,1417.0,1870.0,2377.0,2993.0,3776.0,9963
-97153708#1,809107542#5,1.3184527714734933,68.0,159.0,279.0,563.0,917.0,1342.0,1909.0,2505.0,3091.0,3690.0,6337
222477863#1,-25699679#1,14.861955674322155,166.0,330.0,650.0,964.0,1294.0,1707.0,2187.0,2821.0,3482.0,4226.0,9953
-50639429,227764344,1.0806366100382727,1.0,1.0,1.0,1.0,1.0,1.0,1.0,1.0,1.0,1.0,1
-126855991,-50640017,10.467171719746894,42.0,198.0,380.0,592.0,839.0,1072.0,1407.0,1812.0,2290.0,2838.0,10000
572824576#0,28892562#3,2.6986001149781766,1.0,1.0,1.0,1.0,1.0,1.0,1.0,1.0,1.0,1.0,1
572824576#0,-122400053#5,6.28203362313019,25.0,462.0,1444.0,2728.0,4065.0,5562.0,6991.0,8073.0,8796.0,9280.0,9938
24210659#1,83336783#0,1.0882388401256813,1.0,1.0,1.0,1.0,1.0,1.0,1.0,1.0,1.0,1.0,1
32899146,159080856#2,13.991790981753804,1.0,4.0,19.0,101.0,347.0,863.0,1704.0,2642.0,3740.0,4882.0,10001
-27876034#0,27875959#0,1.2632196380889928,14.0,83.0,248.0,520.0,939.0,1469.0,2073.0,2641.0,3171.0,3641.0,4897
80836809#0,27856831#1,1.740025275254913,1.0,1.0,1.0,1.0,1.0,1.0,1.0,1.0,1.0,1.0,1
28293255#3,-27569158#0,5.607873496966973,1.0,1.0,1.0,1.0,1.0,1.0,1.0,1.0,1.0,1.0,1
-150826577,123974277#6,1.5662761487205972,1.0,1.0,1.0,1.0,1.0,1.0,1.0,1.0,1.0,1.0,1
-1122924583#3,199330459,19.356411195638188,1.0,1.0,4.0,41.0,186.0,582.0,1320.0,2338.0,3479.0,4666.0,10001
26585997#1,-24391388,9.335068124305815,44.0,230.0,437.0,623.0,856.0,1146.0,1485.0,1913.0,2416.0,3029.0,10001
164719711#0,572824576#0,17.55397883255839,95.0,456.0,1093.0,1841.0,2619.0,3449.0,4276.0,5143.0,6021.0,6841.0,9988
197448006,196281811#2,10.422480118406648,11.0,72.0,295.0,741.0,1339.0,2040.0,2815.0,3756.0,4666.0,5553.0,10001
128364024,27612683#1,4.456517665644283,75.0,258.0,628.0,1350.0,2398.0,3473.0,4627.0,5751.0,6699.0,7497.0,9232
-184839812#0,27420852#0,13.558609750676176,2.0,17.0,94.0,334.0,842.0,1661.0,2902.0,4327.0,5792.0,6985.0,10001
164719711#11,127731885,3.9594783542206784,52.0,182.0,362.0,608.0,885.0,1082.0,1202.0,1322.0,1419.0,1550.0,2092
-212517335,-24391388,1.0112719444108198,1.0,1.0,1.0,1.0,1.0,1.0,1.0,1.0,1.0,1.0,1
83336783#0,25738280#0,13.811761095230494,260.0,717.0,1337.0,2030.0,2773.0,3491.0,4278.0,5084.0,5934.0,6726.0,9959
184986196#0,48958719#0,1.1349166308701872,9.0,62.0,395.0,1225.0,2448.0,3779.0,4868.0,5687.0,6293.0,6678.0,7211
-196290733#0,27458909#1,0.8463341535500237,1.0,1.0,1.0,1.0,1.0,1.0,1.0,1.0,1.0,1.0,1
-104917110#0,31867064#0,0.5569938302316242,1.0,1.0,1.0,1.0,1.0,1.0,1.0,1.0,1.0,1.0,1
148634405#3,-933372049,0.8972529521439102,1.0,1.0,1.0,1.0,1.0,1.0,1.0,1.0,1.0,1.0,1
1057420854,197202693,12.640657866262476,10.0,84.0,297.0,696.0,1252.0,1967.0,2901.0,4005.0,5171.0,6335.0,10001
48024565#0,27776874#5,1.7373529532624896,1.0,3.0,3.0,3.0,3.0,3.0,3.0,3.0,3.0,3.0,3
27475299#1,118386135#0,1.2565245761478452,1.0,1.0,1.0,1.0,1.0,1.0,1.0,1.0,1.0,1.0,1
-28006056#3,-50640017,8.524149615839635,33.0,286.0,934.0,1782.0,2675.0,3616.0,4531.0,5495.0,6413.0,7287.0,9910
164719711#0,-27921028,8.670234228305326,2.0,14.0,85.0,301.0,803.0,1674.0,2839.0,4181.0,5507.0,6646.0,10001
-127737766,128321241#0,1.884042922376324,1.0,2.0,2.0,2.0,2.0,2.0,36.0,157.0,278.0,437.0,645
122365284#0,58930439,1.164049872783632,1.0,1.0,1.0,1.0,1.0,1.0,1.0,1.0,1.0,1.0,1
-291263469,28607852#0,2.129494660062615,4.0,4.0,4.0,10.0,33.0,71.0,105.0,120.0,151.0,201.0,381
164719711#0,50639430,13.811274215813423,181.0,480.0,806.0,1295.0,2075.0,2871.0,3731.0,4618.0,5464.0,6186.0,9957
659556219,-35305924#3,13.99740771238194,1.0,1.0,11.0,87.0,354.0,933.0,1869.0,3094.0,4526.0,5827.0,10001
32601842,222477736,29.331246357944536,13.0,55.0,160.0,409.0,717.0,1059.0,1464.0,1959.0,2584.0,3384.0,9999
27922136#2,33213658#1,2.5494879163927644,263.0,1004.0,1961.0,2772.0,3634.0,4638.0,5701.0,6583.0,7295.0,7818.0,8579
164719711#0,35302147#0,1.1378038866258344,1.0,1.0,1.0,1.0,1.0,1.0,1.0,1.0,1.0,1.0,1
-24224587#2,102159460#0,8.98977600259418,42.0,169.0,534.0,1244.0,2353.0,3683.0,5071.0,6247.0,7227.0,7984.0,9997
32559739,185140336,1.464752103558722,1.0,1.0,1.0,1.0,1.0,1.0,1.0,1.0,1.0,1.0,1
-241565771#1,182783200#1,8.804076855363977,44.0,356.0,1081.0,1978.0,2877.0,3820.0,4809.0,5814.0,6697.0,7504.0,9909
-27808545#2,-24391309,7.442789141398504,186.0,714.0,1211.0,1652.0,2051.0,2508.0,2957.0,3527.0,4146.0,4886.0,9974
209173104,163574453#5,1.1668879270466193,12.0,29.0,77.0,152.0,278.0,438.0,653.0,840.0,1023.0,1164.0,1434
60007097#0,451603975,1.02272306561675,21.0,68.0,186.0,342.0,586.0,828.0,1114.0,1365.0,1586.0,1756.0,2077
572824576#0,29267682#1,17.271604501763484,160.0,551.0,1037.0,1574.0,2150.0,2802.0,3451.0,4203.0,4953.0,5721.0,9995
32572650,-28434406,29.06374142304541,6.0,15.0,58.0,264.0,810.0,1683.0,2791.0,4054.0,5241.0,6248.0,10001
164719711#0,-24210584#19,18.34692016368308,29.0,162.0,452.0,872.0,1355.0,1924.0,2515.0,3126.0,3767.0,4399.0,9998
27083460#2,26945385#2,2.568474917948476,108.0,413.0,968.0,1872.0,3113.0,4750.0,6246.0,7366.0,8162.0,8694.0,9489
143974243#1,27413546,3.576553014974121,24.0,88.0,187.0,361.0,663.0,1116.0,1603.0,2168.0,2737.0,3384.0,9818
32601842,44327374,17.459327426100888,126.0,637.0,1442.0,2501.0,3807.0,5078.0,6115.0,7018.0,7663.0,8201.0,10001
302898148#0,160334594#0,0.496731022336939,1.0,1.0,1.0,1.0,1.0,1.0,1.0,1.0,1.0,1.0,1
28686528#1,25877237#2-AddedOnRampEdge,17.975117506766356,29.0,135.0,298.0,449.0,620.0,916.0,1391.0,2226.0,3303.0,4588.0,10000
161183817#0,308232380,2.746677691468759,242.0,1349.0,2715.0,3561.0,4046.0,4494.0,5127.0,6048.0,6953.0,7748.0,9758
164719711#11,138179238#1,8.660268801989652,5.0,18.0,87.0,215.0,463.0,832.0,1315.0,1930.0,2636.0,3464.0,10001
190502802,-363269848,2.718438081605385,112.0,804.0,2021.0,3454.0,4830.0,6133.0,7126.0,7926.0,8529.0,8948.0,9817
99999694#6,28573824#0,5.620722082893061,12.0,49.0,130.0,275.0,521.0,870.0,1459.0,2224.0,3084.0,4089.0,10000
197448006,-247680448,17.05802981269518,1.0,5.0,44.0,198.0,640.0,1311.0,2243.0,3349.0,4544.0,5726.0,10001
164719711#0,-22897852#3,2.2903761768080915,3.0,5.0,8.0,8.0,8.0,8.0,8.0,8.0,8.0,8.0,8
27620687,203412283,0.7992357309510641,1.0,1.0,1.0,1.0,1.0,1.0,1.0,1.0,1.0,1.0,1
28523858#4,23951330#0,2.0895015940592923,252.0,1581.0,3099.0,4222.0,4984.0,5578.0,6134.0,6702.0,7258.0,7720.0,9313
27145236,27083933,1.8008125122737109,60.0,382.0,1170.0,2445.0,3974.0,5442.0,6575.0,7408.0,7940.0,8240.0,8516
-196731866,-49885381#0,0.7829174231501821,1.0,2.0,2.0,2.0,2.0,2.0,2.0,2.0,2.0,2.0,2
164719711#0,-29267682#0,1.0751360994520778,2.0,3.0,4.0,4.0,4.0,4.0,4.0,4.0,4.0,4.0,4
24210659#1,-27798022#0,24.787136865888744,1.0,3.0,30.0,185.0,609.0,1413.0,2463.0,3624.0,4800.0,5873.0,10001
22903715#0,-25699672#1,4.509280025978146,100.0,293.0,532.0,1085.0,1870.0,2812.0,3667.0,4540.0,5307.0,5983.0,9943
-103968781,128321241#2,2.546524958160093,7.0,27.0,46.0,82.0,120.0,159.0,195.0,233.0,290.0,342.0,448
128321262#0,681035829#1,6.151651134133923,35.0,334.0,951.0,1864.0,2897.0,4052.0,5174.0,6150.0,7017.0,7748.0,9997
32601842,74464019#0,15.3403454152279,190.0,710.0,1484.0,2528.0,3682.0,4782.0,5737.0,6605.0,7336.0,8022.0,10000
27633315,28686889,1.402840686662346,1.0,1.0,1.0,1.0,1.0,1.0,1.0,1.0,1.0,1.0,1
28686602#3,219307210#0,5.442710620493766,29.0,134.0,424.0,848.0,1371.0,1947.0,2610.0,3286.0,3977.0,4558.0,9981
28769085#0,24468734#0,17.44109342722647,3.0,12.0,70.0,251.0,672.0,1388.0,2378.0,3471.0,4566.0,5617.0,10001
-39585334#4,128364018,2.289182085330739,2.0,3.0,8.0,17.0,34.0,48.0,50.0,50.0,66.0,74.0,1414
145201011#0,32899146,3.820185941285791,124.0,405.0,832.0,1383.0,2052.0,2840.0,3719.0,4698.0,5645.0,6416.0,9947
-560990326#0,128364009#3,2.0795849226040377,616.0,1004.0,1220.0,1468.0,1778.0,1909.0,1964.0,2006.0,2021.0,2025.0,2033
32601842,-27798065#0,12.048515002476687,182.0,883.0,2227.0,4092.0,5964.0,7365.0,8323.0,8965.0,9410.0,9687.0,9958
26944226#2,225335899,1.0959822267660566,1.0,1.0,1.0,1.0,1.0,1.0,1.0,1.0,1.0,1.0,1
29458485,-211042730,6.201462883036474,6.0,124.0,596.0,1609.0,2950.0,4444.0,5922.0,7249.0,8246.0,8929.0,10001
127531037#0,-24392129#3,9.089766206182926,9.0,119.0,409.0,930.0,1692.0,2553.0,3484.0,4546.0,5623.0,6718.0,9997
32572650,25372715#0,18.022576207981192,117.0,685.0,1523.0,2669.0,4149.0,5443.0,6562.0,7342.0,7914.0,8384.0,10001
30131659,23899681#2,1.401973061964851,17.0,78.0,283.0,751.0,1540.0,2424.0,3229.0,3818.0,4130.0,4285.0,4460
197448006,101600511#0,8.4786674068029,3.0,89.0,476.0,1148.0,2036.0,3317.0,4732.0,6045.0,7172.0,8058.0,10001
76025152,99475431#2,0.5250348036445636,1.0,1.0,1.0,1.0,1.0,1.0,1.0,1.0,1.0,1.0,1
51247874#4,-23265526#1,10.753663661608206,1.0,3.0,39.0,200.0,706.0,1649.0,2842.0,4112.0,5332.0,6449.0,10001
32601842,27799413#0,11.988390842720843,154.0,737.0,1875.0,3565.0,5513.0,7034.0,8099.0,8845.0,9360.0,9648.0,9960
32601842,123974278,7.628237711779641,1.0,1.0,1.0,1.0,1.0,1.0,1.0,1.0,1.0,1.0,1
24210659#1,-304194815#0,23.3352365419799,1.0,1.0,18.0,138.0,453.0,1035.0,1901.0,2952.0,4129.0,5318.0,10001
27359188#0,48927524#8,3.508726584480172,94.0,440.0,1026.0,2030.0,3224.0,4220.0,5047.0,5814.0,6632.0,7315.0,9085
55616698#7,-27923010,1.0833076131961703,42.0,111.0,293.0,493.0,684.0,844.0,959.0,1076.0,1161.0,1211.0,1301
212079234#1,27857472#1,1.5515718782687975,1.0,1.0,1.0,1.0,1.0,1.0,1.0,1.0,1.0,1.0,1
-27359167,48741059#0,2.9205930210401085,68.0,425.0,902.0,1510.0,2212.0,3013.0,3921.0,4620.0,5254.0,5818.0,7336
197448006,-1127486627#1,3.929421146690514,2.0,3.0,6.0,13.0,42.0,107.0,190.0,321.0,585.0,961.0,5152
41570773#0,191709615#1,8.408186501424913,97.0,495.0,1049.0,1440.0,1812.0,2272.0,3132.0,3922.0,4495.0,4743.0,5553
164719711#0,119584168#0,17.049696476172308,1.0,2.0,19.0,116.0,465.0,1153.0,2190.0,3333.0,4512.0,5623.0,10001
122763953#0,-103271284,0.8998850769360673,1.0,1.0,1.0,1.0,1.0,1.0,1.0,1.0,1.0,1.0,1
28574028,-50639429,5.53048676352596,1.0,1.0,1.0,1.0,1.0,1.0,1.0,1.0,1.0,1.0,1
48391046#2,-177923620#1,1.3937481874398314,4.0,29.0,72.0,129.0,194.0,300.0,478.0,748.0,1089.0,1511.0,4075
27333125#2,-27634818,5.32850181327203,10.0,197.0,845.0,1933.0,3106.0,4214.0,5318.0,6325.0,7401.0,8259.0,10001
197448006,24210584#18,17.943724799275685,54.0,259.0,625.0,1102.0,1675.0,2324.0,2948.0,3575.0,4186.0,4910.0,9925
422961705#0,24242801#0,1.3446510804282708,1.0,1.0,1.0,1.0,1.0,1.0,1.0,1.0,1.0,1.0,1
161183816#3,232148106#0,0.7727016163590762,1.0,1.0,1.0,1.0,1.0,1.0,1.0,1.0,1.0,1.0,1
-25699679#1,-201610347#1,14.2216833550619,1.0,2.0,29.0,141.0,532.0,1309.0,2475.0,3911.0,5287.0,6445.0,10001
-681032209,-196147276,5.1052518346843545,15.0,79.0,215.0,443.0,867.0,1536.0,2418.0,3433.0,4548.0,5706.0,10000
-95464814#2,184839826#0,8.621900573713974,149.0,811.0,1578.0,2699.0,4118.0,5562.0,6868.0,7821.0,8475.0,8971.0,9902
201039132#3,-112319557#4,0.6492970371356436,1.0,1.0,1.0,1.0,1.0,1.0,1.0,1.0,1.0,1.0,1
227764344,123974277#6,1.0867190923292198,1.0,1.0,1.0,1.0,1.0,1.0,1.0,1.0,1.0,1.0,1
612775345#1,24391309,8.269407795638148,116.0,309.0,680.0,1128.0,1565.0,1843.0,2203.0,2629.0,3032.0,3550.0,9998
128364005,-25699711,2.835141516456778,2.0,21.0,39.0,62.0,90.0,122.0,163.0,216.0,252.0,274.0,298
123974277#10,122763953#0,0.8550792506103037,1.0,1.0,1.0,1.0,1.0,1.0,1.0,1.0,1.0,1.0,1
560990326#0,25699643,2.081921444518992,393.0,737.0,1342.0,1723.0,1960.0,2142.0,2335.0,2440.0,2502.0,2533.0,2566
-29470677#0,202613739#0,0.6948350707689064,1.0,1.0,1.0,1.0,1.0,1.0,1.0,1.0,1.0,1.0,1
121486139,572824576#0,19.05846063223206,1.0,12.0,85.0,512.0,1468.0,2934.0,4657.0,6386.0,7846.0,8871.0,10001
28769085#0,24781651#0,16.735477529468053,7.0,25.0,125.0,337.0,781.0,1520.0,2516.0,3567.0,4656.0,5692.0,10001
148634437#0,-933372049,0.7893410001325472,1.0,1.0,1.0,1.0,1.0,1.0,1.0,1.0,1.0,1.0,1
-222477863#1,659556220,14.409829183371585,157.0,382.0,736.0,1096.0,1485.0,1919.0,2477.0,3077.0,3779.0,4439.0,9914
32756815#0,185140292#5,1.4657337361245155,17.0,46.0,90.0,153.0,294.0,367.0,569.0,749.0,932.0,1125.0,2251
197448006,48135107,10.219386722555598,3.0,19.0,86.0,213.0,410.0,738.0,1166.0,1842.0,2617.0,3525.0,10001
148634405#0,234043046#2,0.5360604557039315,1.0,1.0,1.0,1.0,1.0,1.0,1.0,1.0,1.0,1.0,1
-27922984#0,22989365#0,1.18199252927214,3.0,14.0,27.0,50.0,77.0,128.0,175.0,244.0,319.0,401.0,772
26981447#1,225335900#0,0.8200784424274992,1.0,1.0,1.0,1.0,1.0,1.0,1.0,1.0,1.0,1.0,1
50228708#1,-25699672#1,4.19239075347329,80.0,275.0,480.0,784.0,1226.0,1699.0,2341.0,3261.0,4137.0,4931.0,9715
123974277#6,122763953#0,1.0246830874721202,1.0,1.0,1.0,1.0,1.0,1.0,1.0,1.0,1.0,1.0,1
27541999#2,123974277#6,6.982819662756,242.0,1666.0,4043.0,6290.0,7743.0,8512.0,8972.0,9281.0,9463.0,9579.0,9697
22944532#10,997114670#0,11.451029280500537,1.0,1.0,9.0,91.0,372.0,912.0,1827.0,2863.0,3994.0,5042.0,10001
26804822#7,111108839,0.8115669904903423,2.0,2.0,2.0,2.0,2.0,2.0,2.0,2.0,2.0,2.0,2
30312041,35302147#1,17.581657480643578,1.0,2.0,18.0,148.0,478.0,1123.0,2064.0,3225.0,4491.0,5775.0,10001
24432514#0,30965269,18.551418944322048,6.0,58.0,300.0,801.0,1697.0,2845.0,4183.0,5453.0,6529.0,7415.0,10001
164719711#0,29267926,0.7554046037067161,1.0,1.0,1.0,1.0,1.0,1.0,1.0,1.0,1.0,1.0,1
26786421#2,23780679,10.71935393605258,1.0,2.0,12.0,86.0,370.0,958.0,1873.0,3074.0,4301.0,5499.0,10001
208624943#6,-190022920#0,0.9051709780841128,3.0,10.0,18.0,31.0,54.0,104.0,189.0,260.0,318.0,362.0,500
-143551551#0,25699710#0,16.448093820821438,1.0,1.0,5.0,21.0,133.0,472.0,1110.0,2151.0,3418.0,4781.0,10001
24210659#1,-739694129,2.6160663862852247,1.0,1.0,1.0,1.0,1.0,1.0,1.0,1.0,1.0,1.0,1
143408585#0,29470613#0,23.21162140009431,1.0,8.0,90.0,401.0,1007.0,1964.0,3063.0,4239.0,5326.0,6323.0,10001
123974278,182783200#1-AddedOnRampEdge,0.4827592913911356,1.0,1.0,1.0,1.0,1.0,1.0,1.0,1.0,1.0,1.0,1
-50640017,212517335,0.8171475454188017,1.0,1.0,1.0,1.0,1.0,1.0,1.0,1.0,1.0,1.0,1
-123974277#6,-51036726,1.0503533054654952,1.0,1.0,1.0,1.0,1.0,1.0,1.0,1.0,1.0,1.0,1
32601842,23578614,17.236257751659842,92.0,518.0,1253.0,2353.0,3663.0,4957.0,6089.0,6984.0,7678.0,8228.0,10001
43129262,-50639430,1.0042333358872697,1.0,1.0,1.0,1.0,1.0,1.0,1.0,1.0,1.0,1.0,1
24210659#1,37232302#8,6.064344064088285,145.0,474.0,1200.0,2253.0,3495.0,4764.0,5916.0,6962.0,7769.0,8337.0,9374
28006056#0,122763953#0,8.358797595116615,26.0,219.0,760.0,1550.0,2353.0,3199.0,4022.0,4834.0,5670.0,6558.0,9908
22735030#1,27569533#0,5.458215117910101,108.0,214.0,616.0,1041.0,1546.0,2030.0,2503.0,2991.0,3550.0,4301.0,9061
164719711#0,1016521102,7.361364211977629,30.0,143.0,363.0,695.0,1146.0,1780.0,2623.0,3541.0,4631.0,5710.0,10001
23944888#1,29267682#2,15.925035144942273,1.0,1.0,11.0,78.0,313.0,835.0,1587.0,2634.0,3875.0,5162.0,10001
122763953#0,-123974277#6,1.0078778205438033,1.0,1.0,1.0,1.0,1.0,1.0,1.0,1.0,1.0,1.0,1
164719711#12,25699696#1,3.175392629837425,15.0,66.0,144.0,263.0,416.0,603.0,835.0,1045.0,1220.0,1343.0,1646
-59740773#2,128364005,17.469384075522292,11.0,64.0,171.0,306.0,480.0,704.0,1153.0,1823.0,2787.0,3992.0,10001
32572650,-123974277#4,7.066434733328885,1.0,1.0,1.0,1.0,1.0,1.0,1.0,1.0,1.0,1.0,1
-27336647#0,-27340148,0.7542690982652341,1.0,1.0,1.0,1.0,1.0,1.0,1.0,1.0,1.0,1.0,1
-112400710,35912150,3.5850909875936305,190.0,1030.0,2230.0,3621.0,4696.0,5517.0,6022.0,6352.0,6529.0,6643.0,6773
-26173127#1,123974277#5,16.214304187183075,1.0,33.0,181.0,612.0,1400.0,2531.0,3735.0,4934.0,6170.0,7281.0,10001
-65288841,-48149017,2.7012563022251967,58.0,228.0,510.0,1011.0,1421.0,1828.0,2077.0,2206.0,2263.0,2275.0,2285
27336493,-27339650,1.0605328271420555,18.0,44.0,162.0,318.0,614.0,948.0,1230.0,1452.0,1627.0,1761.0,1955
23946422#0,58887810,1.2638041859477498,1.0,1.0,1.0,1.0,1.0,1.0,1.0,1.0,1.0,1.0,1
121906081#0,24391309,8.947157208971536,15.0,244.0,780.0,1543.0,2407.0,3240.0,4089.0,5020.0,6098.0,7115.0,9978
167447752,-26945023#5,1.056667388118517,1.0,1.0,1.0,1.0,1.0,1.0,1.0,1.0,1.0,1.0,1
48198623#2,27797762,1.234222047219513,2.0,3.0,4.0,4.0,4.0,7.0,17.0,50.0,105.0,189.0,360
27897719,-159049527,6.445614357358293,2.0,17.0,85.0,298.0,745.0,1484.0,2540.0,3730.0,5025.0,6229.0,10001
164719711#0,572824576#0,17.55397883255839,85.0,406.0,1039.0,1800.0,2569.0,3355.0,4170.0,5037.0,5873.0,6706.0,9987
572824576#0,35302147#0-AddedOffRampEdge,17.1197414912322,155.0,553.0,1056.0,1577.0,2145.0,2766.0,3425.0,4141.0,4901.0,5633.0,9974
164719711#0,41761194#0,18.34692016368308,27.0,162.0,416.0,845.0,1360.0,1939.0,2518.0,3142.0,3758.0,4408.0,10000
208926511,27620728#0,1.02096127158801,0.0,3.0,3.0,6.0,6.0,6.0,6.0,6.0,6.0,6.0,6
45011093#0,-27569158#1,5.498591200288967,151.0,414.0,778.0,1255.0,1737.0,2162.0,2645.0,3179.0,3817.0,4617.0,9649
119216284,648559478#0,13.087383424030628,12.0,93.0,262.0,561.0,988.0,1449.0,2099.0,2911.0,3884.0,4992.0,10001
-291263469,50639430,13.919815344006247,130.0,349.0,540.0,808.0,1209.0,1636.0,2157.0,2802.0,3511.0,4342.0,9961
154928095#4,182783200#1,9.131149589664451,121.0,358.0,708.0,1008.0,1287.0,1640.0,2082.0,2616.0,3272.0,4119.0,10001
171045848,-1122924583#3,16.992185260100083,1.0,1.0,7.0,58.0,253.0,667.0,1371.0,2380.0,3517.0,4819.0,10001
123974277#8,-24392129#3,1.4267707699437358,1.0,1.0,1.0,1.0,1.0,1.0,1.0,1.0,1.0,1.0,1
24210659#1,27798062#1,24.78872261094544,1.0,2.0,37.0,162.0,612.0,1450.0,2536.0,3661.0,4851.0,5984.0,10001
-28686528#2,212517335,5.299122083177014,1.0,1.0,1.0,1.0,1.0,1.0,1.0,1.0,1.0,1.0,1
24210659#1,26153682,17.50702854505715,130.0,494.0,929.0,1408.0,1931.0,2492.0,3124.0,3768.0,4460.0,5128.0,9998
197448006,103271274,13.997133808535066,54.0,216.0,457.0,892.0,1394.0,2036.0,2840.0,3670.0,4493.0,5314.0,9485
32572650,123974277#10,7.450770854777987,1.0,1.0,1.0,1.0,1.0,1.0,1.0,1.0,1.0,1.0,1
143920934#1,-103271274,5.243139597165242,1.0,1.0,1.0,1.0,1.0,1.0,1.0,1.0,1.0,1.0,1
197448006,147486562#1,18.91298130480158,1.0,3.0,23.0,122.0,382.0,877.0,1619.0,2578.0,3719.0,4931.0,10001
26800798#2,-29267812#3,16.84771597317028,1.0,1.0,19.0,111.0,426.0,1027.0,2000.0,3236.0,4503.0,5785.0,10001
-102613786,22762164,1.5732619175353075,14.0,88.0,298.0,672.0,1134.0,1541.0,1838.0,2066.0,2230.0,2285.0,2311
122763953#0,-123974277#4,1.1502705970518063,1.0,1.0,1.0,1.0,1.0,1.0,1.0,1.0,1.0,1.0,1
164719711#12,-185170163,2.49166641430864,48.0,171.0,494.0,926.0,1441.0,1696.0,1784.0,1908.0,2016.0,2076.0,2180
197448006,41761194#1,17.954848856512758,52.0,274.0,671.0,1167.0,1751.0,2346.0,2951.0,3528.0,4188.0,4830.0,9924
32572650,-27359188#0,11.551665298297069,71.0,520.0,1496.0,2687.0,3929.0,5241.0,6416.0,7285.0,7903.0,8353.0,9056
164719711#0,30409772,19.605248148143467,1.0,2.0,9.0,62.0,294.0,768.0,1596.0,2622.0,3810.0,5060.0,10001
164719711#0,24210659#2,17.526712910971437,75.0,405.0,968.0,1674.0,2455.0,3254.0,4049.0,4918.0,5742.0,6579.0,9995
27164222#0,27413552#1,2.7812193586107523,29.0,130.0,330.0,641.0,1269.0,2208.0,3393.0,4641.0,5786.0,6696.0,9032
-27207443#4,907539198#0,1.708833987364108,355.0,1257.0,2679.0,4229.0,5638.0,6825.0,7604.0,8161.0,8553.0,8765.0,8979
32601842,27898010#7,15.371516107695316,179.0,643.0,1364.0,2392.0,3544.0,4595.0,5491.0,6333.0,7092.0,7800.0,10001
128364005,128321262#0,2.8765565445864194,4.0,43.0,81.0,112.0,153.0,207.0,280.0,330.0,367.0,380.0,391
-50639430,122763953#0,1.0698619843218071,1.0,1.0,1.0,1.0,1.0,1.0,1.0,1.0,1.0,1.0,1
128321262#0,185168209#0,4.223668826259854,129.0,447.0,1106.0,2138.0,3192.0,4227.0,5160.0,6003.0,6694.0,7283.0,9912
128321247,143577372#0,14.463396006335898,1.0,1.0,18.0,115.0,412.0,1102.0,2162.0,3484.0,4889.0,6126.0,10001
22875991,119566735#0,5.1904902706879765,113.0,288.0,764.0,1611.0,2710.0,3842.0,5069.0,6172.0,7128.0,7846.0,9652
128321262#0,-159080859#4,14.180919816074896,1.0,1.0,13.0,85.0,348.0,961.0,1967.0,3318.0,4777.0,6135.0,10001
26827940#2,27036727,0.9693202111944458,3.0,7.0,11.0,12.0,12.0,12.0,12.0,12.0,12.0,12.0,12
-27340302#3,27339246,0.693745395579018,1.0,1.0,2.0,2.0,2.0,2.0,2.0,2.0,2.0,2.0,2
-28279821#4,196782736#0,4.70801374781065,132.0,280.0,567.0,940.0,1458.0,2061.0,2708.0,3332.0,3997.0,4602.0,8905
36912207,140943595#12,1.295478290127845,10.0,26.0,40.0,40.0,42.0,50.0,54.0,66.0,74.0,82.0,87
-32558969#4,99999726#0,1.0403197782435398,4.0,10.0,25.0,38.0,48.0,50.0,50.0,50.0,50.0,50.0,50
164719711#12,123974277#7,13.494040585895382,129.0,382.0,669.0,1038.0,1686.0,2396.0,3122.0,3912.0,4664.0,5365.0,9895
24210659#1,197374056#1,6.494533455535239,6.0,279.0,940.0,2130.0,3400.0,4802.0,6233.0,7425.0,8330.0,8986.0,9924
-75591572,-27342272#0,1.1472757750050568,1.0,1.0,1.0,1.0,1.0,1.0,1.0,1.0,1.0,1.0,1
164719711#0,124195094#9,10.850597534661258,4.0,22.0,150.0,466.0,969.0,1758.0,2709.0,3796.0,4812.0,5798.0,10001
-198524611,-27620728#1,0.7031958149329084,1.0,1.0,1.0,1.0,1.0,1.0,1.0,1.0,1.0,1.0,1
843412139,24057669#10,14.16424073807334,1.0,2.0,35.0,192.0,630.0,1486.0,2715.0,4135.0,5551.0,6776.0,10001
32572650,-157935191#0,28.86991220440996,2.0,5.0,55.0,284.0,836.0,1713.0,2885.0,4096.0,5271.0,6239.0,10001
102151597#0,129889496,1.5053053650412855,249.0,1301.0,2551.0,3924.0,5479.0,6837.0,7914.0,8672.0,9183.0,9473.0,9835
133369678#0,122371526#0,1.550800054761853,11.0,40.0,83.0,145.0,214.0,277.0,357.0,461.0,589.0,729.0,1875
24210659#1,35302147#0,17.06180228605815,173.0,511.0,972.0,1472.0,2048.0,2646.0,3282.0,3945.0,4668.0,5407.0,9963
-49884620#2,26663846,5.847182828874125,18.0,107.0,334.0,698.0,1156.0,1699.0,2445.0,3211.0,4034.0,4752.0,10001
20900295#0,27414175#0,1.01761445092956,1.0,1.0,1.0,1.0,1.0,1.0,1.0,1.0,1.0,1.0,1
248138580#0,24210659#1,18.773817425553904,1.0,6.0,74.0,469.0,1367.0,2711.0,4332.0,6182.0,7639.0,8668.0,10001
32572650,27523763#0,28.11071213520195,3.0,14.0,84.0,337.0,942.0,1933.0,3118.0,4368.0,5471.0,6430.0,10001
24210584#19,-190952258,16.881607875969593,5.0,21.0,84.0,216.0,542.0,1112.0,1924.0,2895.0,3930.0,4954.0,10001
150826577,-123974277#8,1.5582438908905134,1.0,1.0,1.0,1.0,1.0,1.0,1.0,1.0,1.0,1.0,1
572824576#0,-29267682#0,17.271604501763484,148.0,553.0,982.0,1483.0,2027.0,2677.0,3343.0,4077.0,4818.0,5602.0,9997
30312041,291263469,16.449088309169152,1.0,2.0,11.0,88.0,323.0,871.0,1647.0,2623.0,3733.0,5000.0,10001
-36912584#6,-34383827#0,6.6303012021539205,1.0,12.0,66.0,223.0,553.0,1147.0,2001.0,3034.0,4145.0,5340.0,10001
572824576#0,197374056#3,6.362294423450541,16.0,472.0,1337.0,2603.0,4041.0,5502.0,6896.0,8034.0,8817.0,9286.0,9986
27471420,198631309#1,23.940438054809267,1.0,11.0,91.0,374.0,988.0,1938.0,3057.0,4229.0,5379.0,6381.0,10001
32572650,33209377#1,12.111663492116504,256.0,1276.0,2941.0,4314.0,5278.0,5992.0,6675.0,7262.0,7817.0,8208.0,9848
39358963,184839826#0,8.59532722911949,260.0,880.0,2215.0,3488.0,4670.0,5803.0,6881.0,7735.0,8432.0,8920.0,9852
-27339406#1,27339246,0.6918630434735653,1.0,1.0,1.0,1.0,1.0,1.0,1.0,1.0,1.0,1.0,1
-121455917,50640017,10.020954046777636,35.0,197.0,416.0,613.0,875.0,1185.0,1569.0,2036.0,2611.0,3218.0,10001
32572650,124196644#5,24.154856006498832,8.0,85.0,400.0,999.0,1764.0,2676.0,3648.0,4605.0,5461.0,6246.0,10001
27896812,137060929#0,6.820153013677543,3.0,20.0,89.0,290.0,694.0,1384.0,2319.0,3472.0,4624.0,5785.0,10001
57772360#1,-184817913,11.601216099883134,207.0,714.0,1537.0,2978.0,4905.0,6617.0,7882.0,8773.0,9325.0,9616.0,9895
164719711#0,23944865#0,17.462941126773742,1.0,2.0,17.0,135.0,506.0,1281.0,2281.0,3426.0,4641.0,5774.0,10001
164719711#0,128364005,1.558943041087549,3.0,4.0,6.0,8.0,11.0,20.0,26.0,35.0,42.0,43.0,43
210580603,-26785947,1.0632287591446854,24.0,178.0,451.0,935.0,1555.0,2017.0,2360.0,2646.0,2801.0,2907.0,2997
-514879384#1,27027040#2,14.30226423951926,1.0,5.0,44.0,233.0,726.0,1787.0,3173.0,4694.0,6098.0,7260.0,10001
123974277#10,-24391388,0.8906640235422639,1.0,1.0,1.0,1.0,1.0,1.0,1.0,1.0,1.0,1.0,1
-50639092,50640019,0.9344731830773504,1.0,1.0,1.0,1.0,1.0,1.0,1.0,1.0,1.0,1.0,1
32572650,185140292#9,17.43675541652774,304.0,917.0,1629.0,2620.0,3742.0,4756.0,5739.0,6547.0,7208.0,7769.0,10000
48708488#0,50639429,6.832536298530576,345.0,2374.0,5332.0,7462.0,8536.0,9074.0,9360.0,9519.0,9615.0,9670.0,9728
164719711#0,29267890#0,0.7800307829407567,1.0,1.0,1.0,1.0,1.0,1.0,1.0,1.0,1.0,1.0,1
32572650,28272871,28.322009538978826,20.0,94.0,306.0,781.0,1275.0,1806.0,2419.0,3069.0,3808.0,4636.0,9998
60007099#1,20904934#2,0.8375178704290912,1.0,1.0,1.0,1.0,1.0,1.0,1.0,1.0,1.0,1.0,1
32601842,128167840#0,10.179414406837006,31.0,144.0,763.0,1342.0,2098.0,2806.0,3596.0,4326.0,4872.0,5429.0,7178
29458441#3,226236813,5.968358261073894,10.0,229.0,1108.0,2884.0,4894.0,6754.0,8113.0,8942.0,9444.0,9702.0,10001
679458136#1,128321280,18.966904938542747,1.0,2.0,5.0,51.0,263.0,803.0,1788.0,3164.0,4617.0,5907.0,10001
210881955,27943458#1,2.291186989724065,83.0,681.0,1754.0,2945.0,4182.0,5294.0,6202.0,6838.0,7323.0,7684.0,8547
196795239#0,-23646534#8,7.15500507303769,6.0,40.0,224.0,620.0,1425.0,2501.0,3758.0,4980.0,6213.0,7243.0,10001
20894081#1,48391046#3,0.9923735950315395,14.0,160.0,612.0,1467.0,2648.0,3782.0,4622.0,5228.0,5659.0,5875.0,6146
-208926498,123974277#6,7.179035645047603,184.0,962.0,2457.0,4143.0,5665.0,7086.0,8313.0,9124.0,9582.0,9799.0,9981
164719711#0,33819290#1,10.016541828277775,2.0,13.0,70.0,212.0,476.0,872.0,1489.0,2247.0,3121.0,4062.0,10001
102154592#3,132617724#1,23.237663646555603,2.0,14.0,112.0,475.0,1098.0,2064.0,3222.0,4430.0,5488.0,6499.0,10001
28686691#1,48957560,1.418946767831804,1.0,1.0,1.0,1.0,1.0,1.0,1.0,1.0,1.0,1.0,1
27720828#0,25699711,4.824204414724526,59.0,190.0,458.0,815.0,1444.0,2373.0,3402.0,4427.0,5315.0,6088.0,9997
23591310#0,103271284,15.845437429640088,1.0,19.0,151.0,583.0,1431.0,2529.0,3767.0,4976.0,6257.0,7398.0,10001
51247865#1,23899574#0,0.996473594743758,55.0,221.0,490.0,763.0,966.0,1092.0,1163.0,1202.0,1225.0,1242.0,1255
1014320975,-382416777#0,13.012413369987849,2.0,6.0,51.0,236.0,760.0,1579.0,2542.0,3618.0,4647.0,5611.0,10001
121562754#3,132617719#0,23.676884741799874,1.0,14.0,114.0,428.0,1025.0,1899.0,3021.0,4183.0,5276.0,6293.0,10001
123974277#9,51036726,0.9811648603011754,1.0,1.0,1.0,1.0,1.0,1.0,1.0,1.0,1.0,1.0,1
24210659#1,-29267682#1,17.29591391147419,149.0,539.0,986.0,1486.0,2023.0,2586.0,3235.0,3935.0,4640.0,5338.0,9999
572824576#0,29267682#1,17.271604501763484,152.0,542.0,982.0,1504.0,2077.0,2670.0,3321.0,4098.0,4822.0,5600.0,9994
34585286,1112508109,1.165600986568875,1.0,1.0,1.0,1.0,1.0,1.0,1.0,1.0,1.0,1.0,1
-28686528#2,35302147#0,17.807525032491064,21.0,108.0,240.0,364.0,516.0,825.0,1319.0,2078.0,3104.0,4279.0,10001
234449809#1,-795435759,1.0071701274594502,1.0,1.0,1.0,1.0,1.0,1.0,1.0,1.0,1.0,1.0,1
196279823,50640017,0.9385836743574184,1.0,1.0,1.0,1.0,1.0,1.0,1.0,1.0,1.0,1.0,1
28005642#3,48775175,2.0157490635260795,1.0,1.0,1.0,1.0,1.0,1.0,1.0,1.0,1.0,1.0,1
190502815#1,-147494956#0,1.688724132719135,3.0,32.0,143.0,393.0,877.0,1674.0,2678.0,3633.0,4342.0,4860.0,5464
143920934#1,-50639430,5.0425422514648295,1.0,1.0,1.0,1.0,1.0,1.0,1.0,1.0,1.0,1.0,1
-28523603#1,48204290#0,1.1770286693611725,37.0,154.0,530.0,1070.0,1728.0,2471.0,2974.0,3344.0,3585.0,3714.0,3865
36911899#0,-28607800#1,7.079163694497658,1.0,16.0,94.0,301.0,703.0,1334.0,2221.0,3321.0,4520.0,5709.0,10001
124265053,25740216,4.916433193003114,84.0,315.0,626.0,1135.0,2067.0,3227.0,4478.0,5731.0,6854.0,7796.0,9972
-122104114#13,43129262,8.722820553383464,21.0,184.0,657.0,1300.0,2044.0,2814.0,3618.0,4457.0,5266.0,6175.0,9871
-112319557#7,-50640017,9.963078565016696,26.0,187.0,399.0,618.0,866.0,1148.0,1504.0,1977.0,2511.0,3071.0,10001
-103968781,36912584#5,8.625744815632785,5.0,15.0,55.0,149.0,343.0,617.0,1020.0,1627.0,2333.0,3080.0,10001
121737041,130405509#2,2.757517933215172,26.0,111.0,281.0,521.0,862.0,1415.0,2265.0,3391.0,4674.0,5871.0,9380
113755839#0,112319557#4,0.8822914947432738,1.0,1.0,1.0,1.0,1.0,1.0,1.0,1.0,1.0,1.0,1
27252979#0,128321248#0,14.21252148202604,188.0,548.0,955.0,1400.0,1914.0,2462.0,3129.0,3887.0,4719.0,5543.0,9933
27359456,103271274,2.394564430937624,1.0,1.0,1.0,1.0,1.0,1.0,1.0,1.0,1.0,1.0,1
24210659#1,200084539#0,23.18180563531855,1.0,3.0,33.0,196.0,638.0,1466.0,2721.0,4215.0,5771.0,7116.0,10001
124184927#0,128364005,11.04024051765076,1.0,3.0,22.0,80.0,249.0,559.0,1007.0,1700.0,2548.0,3540.0,10001
24210659#1,208624927#0,6.14038178357144,20.0,135.0,470.0,993.0,1848.0,2983.0,4339.0,5673.0,6917.0,7934.0,10001
51039563#2,-123974277#5,2.062671952253805,1.0,1.0,1.0,1.0,1.0,1.0,1.0,1.0,1.0,1.0,1
24224587#2,15462996#0,9.069477539777816,17.0,63.0,290.0,683.0,1518.0,2674.0,4148.0,5561.0,6901.0,7921.0,10000
164719711#0,572824576#0,17.55397883255839,94.0,457.0,1078.0,1834.0,2591.0,3380.0,4233.0,5095.0,5939.0,6706.0,9988
122763953#0,50639430,1.0458597237185958,1.0,1.0,1.0,1.0,1.0,1.0,1.0,1.0,1.0,1.0,1
32572650,50639092,7.338531752529954,1.0,1.0,1.0,1.0,1.0,1.0,1.0,1.0,1.0,1.0,1
24210659#1,27252979#0,1.692812913665804,1.0,1.0,1.0,1.0,1.0,1.0,1.0,1.0,1.0,1.0,1
123974277#8,43129262,1.0066885686244944,1.0,1.0,1.0,1.0,1.0,1.0,1.0,1.0,1.0,1.0,1
27347087#1,27036649#0,0.8364682298300804,1.0,1.0,1.0,1.0,1.0,1.0,1.0,1.0,1.0,1.0,1
48585814#1,-123974277#8,7.001534494038969,262.0,1754.0,4194.0,6404.0,7664.0,8408.0,8856.0,9164.0,9333.0,9446.0,9545
-184839812#0,99296242,13.312550841491698,1.0,13.0,111.0,384.0,926.0,1848.0,3168.0,4692.0,6108.0,7307.0,10001
27799413#0,48927524#13,2.500947166138343,31.0,139.0,356.0,774.0,1326.0,2069.0,2908.0,3840.0,4786.0,5684.0,7868
112319557#6,50640017,9.8452119254126,27.0,198.0,427.0,617.0,874.0,1164.0,1532.0,1968.0,2518.0,3160.0,10001
164719711#0,-123974277#4,13.524372221485429,170.0,431.0,719.0,1180.0,1995.0,2818.0,3704.0,4561.0,5420.0,6272.0,9925
40743041,-103968781,11.296667140396204,1.0,4.0,28.0,131.0,385.0,789.0,1423.0,2189.0,3203.0,4270.0,10001
222477863#1,128364024,14.12584480647925,310.0,912.0,1654.0,2401.0,3229.0,4124.0,5110.0,5989.0,6887.0,7709.0,9788
32601842,123974277#9,7.409010988490855,1.0,1.0,1.0,1.0,1.0,1.0,1.0,1.0,1.0,1.0,1
-45011093#1,-27569158#0,5.0911198033568725,250.0,597.0,1149.0,1769.0,2355.0,3028.0,3827.0,4573.0,5242.0,5916.0,9496
212517335,43129262,1.127151534780601,1.0,1.0,1.0,1.0,1.0,1.0,1.0,1.0,1.0,1.0,1
197448006,23646386#1,10.939078680892088,15.0,100.0,368.0,793.0,1392.0,2114.0,2894.0,3827.0,4809.0,5672.0,10001
143920934#1,35302147#1,18.223354337677016,33.0,125.0,264.0,401.0,586.0,924.0,1540.0,2575.0,3726.0,4994.0,10001
28686528#2,123974277#10,5.08750133412925,1.0,1.0,1.0,1.0,1.0,1.0,1.0,1.0,1.0,1.0,1
-103968781,25738280#0,3.425958892103337,18.0,86.0,167.0,216.0,275.0,328.0,384.0,425.0,448.0,457.0,628
74464019#0,22762164,1.188768609854213,1.0,1.0,1.0,1.0,1.0,1.0,1.0,1.0,1.0,1.0,1
32505885#0,-123974277#4,15.696190919764136,1.0,12.0,109.0,446.0,1142.0,2114.0,3228.0,4411.0,5599.0,6778.0,10001
27038086#0,232132657,2.4475836666016053,48.0,425.0,1163.0,1954.0,2528.0,2851.0,3096.0,3300.0,3464.0,3607.0,3834
-24210584#18,-29267812#3,18.042012400216883,68.0,354.0,700.0,1094.0,1586.0,2045.0,2569.0,3137.0,3716.0,4328.0,9996
-1033010509#1,99475427,0.7129613210517352,1.0,1.0,1.0,1.0,1.0,1.0,1.0,1.0,1.0,1.0,1
-130405507,-144049714#7,1.012979073177931,1.0,1.0,1.0,1.0,1.0,1.0,1.0,1.0,1.0,1.0,1
123974277#6,24391309,1.1299760297000137,1.0,1.0,1.0,1.0,1.0,1.0,1.0,1.0,1.0,1.0,1
-128321241#0,561757108#0,6.308874086322606,52.0,336.0,876.0,1631.0,2546.0,3527.0,4560.0,5544.0,6429.0,7203.0,10000
-20878292#1,27316421,1.0778081367073271,5.0,6.0,6.0,6.0,6.0,6.0,6.0,6.0,6.0,6.0,6
346995422,49655023#1,9.245510794889316,162.0,731.0,1484.0,2406.0,3440.0,4710.0,5911.0,6964.0,7871.0,8516.0,9955
100968568,99310129#1,13.719757687853718,1.0,20.0,111.0,409.0,937.0,1857.0,3120.0,4592.0,6008.0,7209.0,10001
27421450#3,190239981#3,1.0081520145104526,129.0,226.0,292.0,387.0,412.0,594.0,812.0,964.0,1052.0,1077.0,1138
572824576#0,35302147#1,17.60522528036592,171.0,531.0,1096.0,1671.0,2298.0,2968.0,3778.0,4586.0,5473.0,6298.0,9969
32572650,24874251,17.94450855648767,96.0,606.0,1444.0,2577.0,4051.0,5422.0,6477.0,7221.0,7821.0,8291.0,10001
128364009#3,-681035829#0,6.312162043395846,34.0,379.0,1039.0,1970.0,3156.0,4501.0,5821.0,6967.0,7881.0,8504.0,9985
122279670#0,39523340#0,0.5875333779686932,1.0,1.0,1.0,1.0,1.0,1.0,1.0,1.0,1.0,1.0,1
32572650,128877365#1,17.88902507404174,147.0,682.0,1445.0,2516.0,3848.0,5151.0,6267.0,7079.0,7693.0,8164.0,10001
197448006,-514879384#1,18.04620204336485,59.0,293.0,652.0,1142.0,1719.0,2325.0,2900.0,3499.0,4130.0,4859.0,9924
27896854#1,26153682,8.423964770437253,2.0,9.0,50.0,158.0,415.0,825.0,1447.0,2181.0,3005.0,3858.0,10001
60698692#0,-191593484,6.185886729609692,22.0,189.0,664.0,1519.0,2502.0,3520.0,4515.0,5597.0,6665.0,7596.0,9997
32572650,124198512,23.86866647534157,18.0,107.0,441.0,996.0,1661.0,2482.0,3404.0,4308.0,5155.0,6012.0,10000
-311776614#2,225335900#0,0.8675903325405909,1.0,1.0,1.0,1.0,1.0,1.0,1.0,1.0,1.0,1.0,1
1125659040#3,211541497,8.079126600056062,1.0,1.0,1.0,1.0,1.0,1.0,1.0,1.0,1.0,1.0,1
20878286#3,-554753316#2,1.8209518322833025,46.0,314.0,859.0,1621.0,2639.0,3867.0,5011.0,5959.0,6668.0,7173.0,7878
-27798065#3,33144676#0,2.584031208165622,15.0,133.0,413.0,770.0,1269.0,1820.0,2418.0,3072.0,3794.0,4575.0,8324
136065327,22989208#5,1.904278049191066,46.0,477.0,1866.0,3712.0,5114.0,6149.0,6702.0,7010.0,7202.0,7286.0,7352
28782741#0,190952259#0,17.020196180049634,2.0,20.0,81.0,228.0,567.0,1168.0,2026.0,3082.0,4158.0,5159.0,10001
237797690#0,-29267812#3,16.554669102099624,1.0,1.0,15.0,94.0,416.0,1067.0,2028.0,3204.0,4526.0,5838.0,10001
572824576#0,-209059664#2,2.9159671968696115,1.0,1.0,1.0,1.0,1.0,1.0,1.0,1.0,1.0,1.0,1
31860563#1,34584896,0.2613609387414936,1.0,1.0,1.0,1.0,1.0,1.0,1.0,1.0,1.0,1.0,1
177433020#0,-177923620#0,1.4635979591958903,22.0,162.0,555.0,1231.0,2231.0,3335.0,4489.0,5640.0,6522.0,7163.0,8379
42955937,26153682,17.51852861265014,23.0,150.0,301.0,439.0,649.0,1024.0,1648.0,2567.0,3769.0,5169.0,10001
212770353#5,-103968781,7.737435174677324,1.0,11.0,146.0,640.0,1568.0,2809.0,4200.0,5552.0,6811.0,7848.0,10001
-95132319,192919251#0,1.1390019328069767,151.0,270.0,486.0,735.0,1010.0,1541.0,2138.0,2723.0,3321.0,3885.0,5123
-189558676#1,132617717#2,19.13061817964231,4.0,48.0,239.0,707.0,1473.0,2520.0,3875.0,5222.0,6375.0,7367.0,10001
169506726#2,161183811#0,1.0210445269449555,25.0,114.0,359.0,858.0,1517.0,2188.0,2808.0,3315.0,3645.0,3886.0,4234
25699682,-23265526#1,7.094445616680439,19.0,130.0,415.0,1011.0,1856.0,2957.0,4136.0,5345.0,6471.0,7439.0,10001
102613776#0,199407135,2.395255786152631,184.0,768.0,1653.0,3014.0,4310.0,5449.0,6289.0,6962.0,7456.0,7780.0,8382
128364005,128321262#0,2.8765565445864194,4.0,43.0,82.0,110.0,154.0,203.0,276.0,331.0,367.0,383.0,394
161175236#0,27762360#0,0.9355456577549108,1.0,1.0,1.0,1.0,1.0,1.0,1.0,1.0,1.0,1.0,1
997114670#0,23199370#0,0.9865628708955784,1.0,1.0,1.0,1.0,1.0,1.0,1.0,1.0,1.0,1.0,1
-27921028,-291263469,7.716094916387268,1.0,24.0,164.0,599.0,1307.0,2282.0,3485.0,4754.0,6022.0,7196.0,10001
24210659#1,-27798065#3,25.112465014009015,1.0,7.0,41.0,212.0,675.0,1428.0,2459.0,3616.0,4801.0,5941.0,10001
-222477863#1,-25699711,14.411201859562397,156.0,381.0,707.0,1111.0,1518.0,1970.0,2564.0,3197.0,3905.0,4590.0,9921
-27798065#3,572824576#0,24.52552672596488,1.0,4.0,46.0,341.0,974.0,1977.0,3088.0,4338.0,5496.0,6600.0,10001
-25699679#1,23914020#1,13.94601026192831,1.0,5.0,34.0,159.0,595.0,1457.0,2599.0,3961.0,5229.0,6391.0,10001
122232949#0,24210659#1,19.05846063223206,1.0,2.0,76.0,474.0,1446.0,2841.0,4635.0,6390.0,7800.0,8832.0,10001
23185003,183755465#0,1.4315882245738234,3.0,9.0,44.0,64.0,211.0,363.0,593.0,793.0,1002.0,1142.0,1331
197448006,123974278,14.462781074968987,63.0,180.0,312.0,597.0,939.0,1375.0,2048.0,2787.0,3610.0,4518.0,9784
190598714,27858631#1,1.6023576094620915,265.0,1064.0,2360.0,4028.0,5277.0,6305.0,6866.0,7074.0,7163.0,7200.0,7207
-291263469,28607852#0,2.129494660062615,4.0,4.0,4.0,10.0,33.0,72.0,98.0,114.0,140.0,195.0,400
227764344,-212517335,1.1553193712495613,1.0,1.0,1.0,1.0,1.0,1.0,1.0,1.0,1.0,1.0,1
128321247,23322316#0,4.3486066901862,96.0,365.0,835.0,1648.0,2730.0,3918.0,5040.0,6082.0,7055.0,7856.0,9910
197448006,27864963#3,17.27358695024471,1.0,6.0,48.0,253.0,727.0,1474.0,2432.0,3513.0,4676.0,5752.0,10001
164719711#0,128364005,1.558943041087549,3.0,4.0,6.0,8.0,11.0,19.0,24.0,33.0,39.0,40.0,40
41569937,-121911600#0,8.848362116270438,88.0,303.0,882.0,1520.0,1842.0,2123.0,2964.0,3934.0,4409.0,4563.0,5673
-126855991,-50640019,10.340109340918348,23.0,172.0,371.0,543.0,762.0,1000.0,1296.0,1709.0,2204.0,2776.0,10001
25738280#0,124262197#3,7.297781999304239,182.0,806.0,1777.0,2596.0,3521.0,4457.0,5325.0,6246.0,7145.0,7875.0,9896
-50639429,182783200#1-AddedOnRampEdge,0.6415536581753161,1.0,1.0,1.0,1.0,1.0,1.0,1.0,1.0,1.0,1.0,1
28686741#1,-27632778,0.8931453551520839,1.0,1.0,1.0,1.0,1.0,1.0,1.0,1.0,1.0,1.0,1
-143551551#0,25699710#0,16.448093820821438,1.0,1.0,5.0,35.0,144.0,452.0,1137.0,2151.0,3445.0,4856.0,10001
164719711#0,30409465#0,19.36459701806778,1.0,2.0,9.0,75.0,241.0,659.0,1358.0,2392.0,3540.0,4802.0,10001
-77618546,26945071#0,1.4877951029183427,3.0,31.0,111.0,311.0,674.0,1242.0,1841.0,2335.0,2684.0,2883.0,3361
32572650,-123974277#6,7.208937783590787,1.0,1.0,1.0,1.0,1.0,1.0,1.0,1.0,1.0,1.0,1
24210659#1,-197374056#1,6.588641561273842,14.0,278.0,971.0,2169.0,3454.0,4878.0,6274.0,7503.0,8450.0,9083.0,9932
36333428,25738280#0,1.7211523957550223,1.0,1.0,1.0,1.0,1.0,1.0,1.0,1.0,1.0,1.0,1
24210659#1,164719711#12,17.389371908731896,129.0,500.0,906.0,1403.0,1906.0,2443.0,3053.0,3699.0,4332.0,5018.0,9994
370314206#0,-56672601,1.2946599201661784,13.0,84.0,230.0,495.0,872.0,1286.0,1680.0,1956.0,2131.0,2238.0,2368
197448006,-667668754,3.5988843180326904,5.0,13.0,18.0,18.0,31.0,66.0,189.0,403.0,644.0,1089.0,5383
201286263#0,29267682#2,17.463918323703005,25.0,133.0,305.0,429.0,580.0,879.0,1453.0,2294.0,3455.0,4771.0,10001
137061333#6,202461351,1.0944391061313532,4.0,4.0,18.0,23.0,74.0,161.0,233.0,289.0,341.0,389.0,428
157326749,-50639429,2.1308810811192984,1.0,1.0,1.0,1.0,1.0,1.0,1.0,1.0,1.0,1.0,1
197448006,-27856820#1,10.448231996865358,2.0,30.0,119.0,267.0,563.0,1032.0,1639.0,2414.0,3305.0,4352.0,10001
24210659#1,215637534#13,2.5925930644434203,1.0,1.0,1.0,1.0,1.0,1.0,1.0,1.0,1.0,1.0,1
32572650,124195117#0,17.64067704384786,205.0,769.0,1510.0,2519.0,3777.0,4960.0,5975.0,6810.0,7520.0,8057.0,10001
-529960118#0,-28663786#3,0.9774754623694956,1.0,1.0,1.0,1.0,1.0,1.0,1.0,1.0,1.0,1.0,1
121898334#0,197448013,5.295160132077029,128.0,384.0,794.0,1291.0,1940.0,2735.0,3695.0,4823.0,5950.0,6986.0,9907
164719711#0,-123974277#5,13.5662529721501,184.0,449.0,747.0,1193.0,1945.0,2667.0,3563.0,4445.0,5316.0,6111.0,9941
96898379#1,291263469,7.452462143391208,8.0,91.0,434.0,1166.0,2211.0,3342.0,4536.0,5643.0,6629.0,7478.0,9981
23551891,-1122924583#3,12.03032287371745,1.0,2.0,24.0,105.0,266.0,575.0,1012.0,1641.0,2485.0,3392.0,10001
123974278,43129262,0.8664349604623369,1.0,1.0,1.0,1.0,1.0,1.0,1.0,1.0,1.0,1.0,1
164719711#12,196795239#0,3.0249445161283783,15.0,47.0,116.0,229.0,382.0,591.0,778.0,999.0,1193.0,1331.0,1653
24210659#1,-22897852#3,15.772720356569984,300.0,791.0,1368.0,1989.0,2645.0,3413.0,4218.0,5076.0,5961.0,6740.0,9962
23591330#4,103271274,15.490322550257616,1.0,17.0,117.0,462.0,1174.0,2243.0,3326.0,4475.0,5724.0,6966.0,10001
136211670#0,27413546,3.205286781566856,18.0,77.0,203.0,381.0,639.0,1049.0,1670.0,2450.0,3339.0,4364.0,9604
32572650,24874244#9,17.933530658969453,105.0,675.0,1473.0,2632.0,4042.0,5343.0,6413.0,7224.0,7833.0,8309.0,10001
24210659#1,235145043,4.50075478629423,54.0,83.0,103.0,109.0,113.0,393.0,1293.0,2335.0,3281.0,3892.0,5111
24210659#1,1106372447#0,2.606730730654893,1.0,1.0,1.0,1.0,1.0,1.0,1.0,1.0,1.0,1.0,1
572824576#0,28722497#0,3.207061064778989,108.0,796.0,1883.0,3014.0,3855.0,4106.0,4396.0,4916.0,5619.0,6208.0,6630
24210659#1,-215637534#11,3.0923935265504885,1.0,1.0,1.0,1.0,1.0,1.0,1.0,1.0,1.0,1.0,1
8043360#0,27036640,1.0248237538114642,10.0,25.0,47.0,80.0,116.0,136.0,143.0,143.0,143.0,143.0,143
843412139,-29267682#1,17.642299461666887,71.0,282.0,603.0,1025.0,1450.0,1891.0,2322.0,2846.0,3435.0,4077.0,10001
29249215#0,35302147#0-AddedOffRampEdge,8.635287554390503,2.0,16.0,75.0,210.0,471.0,844.0,1329.0,1931.0,2692.0,3546.0,10001
-49578287,-123974277#5,2.44913874860082,1.0,1.0,1.0,1.0,1.0,1.0,1.0,1.0,1.0,1.0,1
28687188,26827940#1,6.0864138154115,10.0,103.0,308.0,611.0,987.0,1537.0,2179.0,2902.0,3691.0,4526.0,9995
27421168#2,126957344,23.643048558855902,1.0,8.0,93.0,371.0,1078.0,1984.0,3123.0,4262.0,5350.0,6286.0,10001
26945377,24210659#1,19.103922577815588,2.0,9.0,86.0,524.0,1533.0,3028.0,4844.0,6659.0,8121.0,9064.0,10001
35319096,20913026#0,1.0352099867586366,3.0,3.0,3.0,4.0,7.0,8.0,8.0,8.0,8.0,8.0,8
-29471633#1,-132617721,0.6787102729915444,1.0,1.0,1.0,1.0,1.0,1.0,1.0,1.0,1.0,1.0,1
28293255#3,119566725#1,5.387882580313031,1.0,1.0,1.0,1.0,1.0,1.0,1.0,1.0,1.0,1.0,1
132617720,29267682#2,9.599296167461183,76.0,545.0,1567.0,2960.0,4334.0,5539.0,6576.0,7474.0,8113.0,8582.0,9677
197448006,24210659#2,17.120142111371646,67.0,439.0,1130.0,1922.0,2771.0,3514.0,4253.0,5103.0,5948.0,6735.0,9800
24162651#0,38530631#6,13.744271985544945,1.0,7.0,57.0,272.0,873.0,1724.0,2793.0,3845.0,4907.0,5909.0,10001
26945729#0,26945080#2,1.7914697580292982,10.0,53.0,332.0,1089.0,2289.0,3435.0,4412.0,5226.0,5801.0,6250.0,6816
122291177,128321280,18.521640173691264,1.0,1.0,8.0,52.0,279.0,786.0,1763.0,3089.0,4444.0,5739.0,10001
27875962,146715457#0,0.5515432269335424,1.0,1.0,1.0,1.0,1.0,1.0,1.0,1.0,1.0,1.0,1
94008120,-25699711,4.399980672212006,113.0,308.0,575.0,1342.0,2153.0,3047.0,3807.0,4569.0,5212.0,5819.0,9908
-28136281#1,-197202693,11.751789372169563,26.0,156.0,393.0,835.0,1477.0,2319.0,3278.0,4279.0,5302.0,6368.0,10001
197448006,196281804,10.552450964830212,8.0,90.0,359.0,817.0,1399.0,2133.0,2954.0,3921.0,4879.0,5789.0,10001
27309875#0,27620787#3,1.135728526214154,1.0,1.0,1.0,1.0,1.0,1.0,1.0,1.0,1.0,1.0,1
29470656,-22897852#3,10.712841499633036,116.0,691.0,1602.0,2560.0,3582.0,4575.0,5582.0,6484.0,7242.0,7833.0,9499
164719711#0,184688752,10.097489350095804,1.0,8.0,40.0,157.0,374.0,784.0,1377.0,2101.0,2989.0,3962.0,10001
24210659#1,33062317#0,2.6160663862852247,1.0,1.0,1.0,1.0,1.0,1.0,1.0,1.0,1.0,1.0,1
225863024#2,766350981,1.0169394026191318,1.0,1.0,1.0,1.0,1.0,1.0,1.0,1.0,1.0,1.0,1
197448006,123974277#10,14.294537064280991,59.0,209.0,476.0,860.0,1347.0,2010.0,2863.0,3686.0,4436.0,5176.0,9545
-64935233#1,-27036649#0,0.601381337453997,1.0,1.0,1.0,1.0,1.0,1.0,1.0,1.0,1.0,1.0,1
27333309#0,27633706,5.178599984532074,17.0,83.0,273.0,633.0,1182.0,1960.0,2862.0,3854.0,4864.0,5862.0,9998
-123974278,-24392129#3,1.119633211591072,1.0,1.0,1.0,1.0,1.0,1.0,1.0,1.0,1.0,1.0,1
679458131#0,25699710#1,16.765132720300276,1.0,2.0,4.0,27.0,144.0,499.0,1226.0,2322.0,3704.0,5107.0,10001
123981331#0,212517335,15.70483907459374,1.0,23.0,186.0,676.0,1578.0,2646.0,3789.0,4987.0,6145.0,7162.0,10001
121897313#0,48391048#0,1.3325102040199848,5.0,66.0,259.0,629.0,1151.0,1994.0,2704.0,3319.0,3864.0,4341.0,5931
27923176,-121997933,0.5588457584167513,1.0,1.0,1.0,1.0,1.0,1.0,1.0,1.0,1.0,1.0,1
48391046#2,-177923620#1,1.3937481874398314,4.0,28.0,70.0,128.0,186.0,289.0,464.0,730.0,1104.0,1555.0,4143
27340302#4,27339246,0.693745395579018,1.0,2.0,2.0,2.0,2.0,2.0,2.0,2.0,2.0,2.0,2
121222227#0,102159408,8.984571765761153,33.0,117.0,493.0,1184.0,2256.0,3676.0,5135.0,6383.0,7399.0,8157.0,10001
96929257#0,121812411,2.279809549528204,283.0,1859.0,4544.0,6742.0,7918.0,8548.0,8873.0,9052.0,9128.0,9157.0,9179
-1122924583#3,-123974277#8,13.831386445759696,128.0,282.0,482.0,757.0,1159.0,1552.0,2067.0,2717.0,3521.0,4413.0,9968
32572650,44176786#6,17.635868570475072,250.0,774.0,1543.0,2510.0,3594.0,4821.0,5892.0,6794.0,7478.0,8100.0,10001
-217586821,-29267682#0,7.980607170864587,2.0,5.0,40.0,236.0,699.0,1464.0,2483.0,3686.0,4905.0,6082.0,10001
143323456#2,-795435757#0,1.4947717091691115,9.0,29.0,35.0,52.0,82.0,156.0,226.0,317.0,434.0,573.0,1145
27720826,-128321241#0,4.69772148258761,53.0,192.0,425.0,799.0,1534.0,2446.0,3346.0,4283.0,5154.0,5984.0,9988
-51036726,123974277#6,1.066569651713876,1.0,1.0,1.0,1.0,1.0,1.0,1.0,1.0,1.0,1.0,1
164719711#0,128130485#4,0.8038598858833303,1.0,1.0,1.0,1.0,1.0,1.0,1.0,1.0,1.0,1.0,1
152376934#0,226233358#0,6.20262938533725,8.0,175.0,903.0,2197.0,3528.0,4826.0,5961.0,6899.0,7745.0,8429.0,10001
27525330#1,-205714157#1,1.7017914753000742,6.0,20.0,40.0,74.0,120.0,184.0,259.0,363.0,460.0,561.0,3572
90849044#3,161183811#0,1.038372595004183,12.0,85.0,292.0,732.0,1459.0,2569.0,3580.0,4320.0,4682.0,4861.0,5004
187233988,27808290#5,1.263251252007444,18.0,150.0,419.0,830.0,1318.0,1879.0,2427.0,2850.0,3225.0,3490.0,3877
-27808570#0,60710001#0,1.574410296196232,8.0,39.0,122.0,256.0,423.0,644.0,858.0,1041.0,1222.0,1383.0,1791
-143920934#0,123974277#5,5.189786365831071,1.0,1.0,1.0,1.0,1.0,1.0,1.0,1.0,1.0,1.0,1
-121222236#4,185140289#0,8.825448582836309,70.0,287.0,871.0,1787.0,3231.0,4984.0,6639.0,7986.0,8870.0,9401.0,9997
32572650,-24210584#17,29.47377049626417,10.0,47.0,139.0,331.0,624.0,943.0,1321.0,1794.0,2469.0,3223.0,10000
-25699679#1,-23360406#4,4.551409429143822,26.0,153.0,420.0,977.0,1721.0,2517.0,3311.0,4217.0,5169.0,6168.0,9957
-24210584#17,26986469#1,13.894700808381591,1.0,6.0,38.0,207.0,622.0,1473.0,2679.0,4075.0,5479.0,6710.0,10001
51036726,-123974277#7,1.0503533054654952,1.0,1.0,1.0,1.0,1.0,1.0,1.0,1.0,1.0,1.0,1
60007096#0,-308654652,1.0530460561535466,11.0,35.0,102.0,215.0,394.0,635.0,947.0,1285.0,1594.0,1879.0,2468
41569937-AddedOffRampEdge,61558343#5,8.01326210971045,30.0,64.0,264.0,842.0,1272.0,1559.0,2048.0,2736.0,3288.0,3641.0,3986
197448006,24210584#19,17.88702786391368,55.0,283.0,673.0,1176.0,1767.0,2363.0,2958.0,3551.0,4235.0,4944.0,9929
-190028512#1,25738280#0,4.487457905858942,55.0,242.0,543.0,915.0,1468.0,2365.0,3551.0,4893.0,6226.0,7383.0,9993
241980830,33607071,0.6783858310029153,1.0,1.0,1.0,1.0,1.0,1.0,1.0,1.0,1.0,1.0,1
27413552#3,24210659#1,18.902492042168504,1.0,7.0,83.0,485.0,1398.0,2716.0,4361.0,6113.0,7612.0,8676.0,10001
32601842,190511194,28.65248675998843,5.0,12.0,100.0,413.0,1121.0,2149.0,3389.0,4677.0,5707.0,6640.0,10001
95806967,24024238#0,10.714443658824038,1.0,2.0,4.0,58.0,288.0,857.0,1758.0,2880.0,4058.0,5303.0,10001
26943310#2,25699682,16.88695469869063,1.0,1.0,3.0,24.0,129.0,422.0,1035.0,2118.0,3432.0,4776.0,10001
190349523,29267682#2,7.514285532324074,1.0,21.0,136.0,569.0,1423.0,2664.0,4061.0,5444.0,6687.0,7613.0,10001
-201286263#1,29267682#2,17.55463305865125,15.0,123.0,276.0,428.0,577.0,877.0,1397.0,2196.0,3287.0,4510.0,10000
164719711#0,35302147#0-AddedOffRampEdge,1.0375547677991666,1.0,1.0,1.0,1.0,1.0,1.0,1.0,1.0,1.0,1.0,1
572824576#0,27359083#3,26.08587277703456,1.0,1.0,14.0,107.0,401.0,1036.0,1967.0,3101.0,4410.0,5652.0,10001
-184817969#4,22978926,0.9427848520869464,1.0,1.0,1.0,1.0,1.0,1.0,1.0,1.0,1.0,1.0,1
-128321241#0,-23265526#0,6.828688207519352,9.0,65.0,283.0,753.0,1482.0,2528.0,3751.0,5002.0,6209.0,7274.0,10001
190502846#5,27856831#0,1.4643374042650306,1.0,1.0,1.0,1.0,1.0,1.0,1.0,1.0,1.0,1.0,1
35221459#0,680253983#1,3.328871897490956,1.0,1.0,1.0,1.0,1.0,1.0,1.0,1.0,1.0,1.0,1
164719711#0,-514879385,18.288326539411724,27.0,158.0,447.0,856.0,1387.0,1962.0,2535.0,3157.0,3815.0,4501.0,10000
28687172,58827292#0,6.647934348778912,11.0,103.0,343.0,678.0,1163.0,1779.0,2513.0,3283.0,4087.0,4976.0,9999
144349622#0,-27620728#1,1.6230153732476458,24.0,72.0,198.0,362.0,511.0,679.0,975.0,1289.0,1561.0,1700.0,1762
197448006,572824576#0,17.14710286031884,66.0,518.0,1271.0,2091.0,2871.0,3668.0,4460.0,5319.0,6182.0,6927.0,9752
164719711#0,197448013,0.9740276672918448,1.0,1.0,1.0,1.0,1.0,1.0,1.0,1.0,1.0,1.0,1
533157559#2,-28663928#2,0.9490228664174172,1.0,1.0,1.0,1.0,1.0,1.0,1.0,1.0,1.0,1.0,1
-291263469,25699682,2.823865838141661,17.0,80.0,188.0,281.0,368.0,464.0,566.0,645.0,710.0,756.0,801
128364009#3,228187914,6.560974780547416,112.0,641.0,1629.0,2939.0,4443.0,5900.0,7085.0,8008.0,8697.0,9085.0,9931
-103271274,50640017,0.8754730296118779,1.0,1.0,1.0,1.0,1.0,1.0,1.0,1.0,1.0,1.0,1
227764344,-50639092,0.8990809939238047,1.0,1.0,1.0,1.0,1.0,1.0,1.0,1.0,1.0,1.0,1
190028512#0,128364005,4.989057816599831,38.0,177.0,505.0,904.0,1402.0,2031.0,2738.0,3530.0,4361.0,5161.0,9979
-103271284,122763953#0,1.053454529428319,1.0,1.0,1.0,1.0,1.0,1.0,1.0,1.0,1.0,1.0,1
-1122924583#3,-212517335,13.845239084572452,78.0,250.0,440.0,777.0,1161.0,1628.0,2239.0,2895.0,3697.0,4564.0,9974
28272871,-322943086,14.462819778650315,1.0,15.0,74.0,296.0,782.0,1672.0,2876.0,4273.0,5624.0,6803.0,10001
197448006,15741472#1,3.730747188921937,5.0,16.0,24.0,30.0,40.0,103.0,243.0,487.0,828.0,1259.0,4777
121897321#0,127731885,5.5153569456472,81.0,249.0,539.0,882.0,1393.0,2159.0,3198.0,4352.0,5600.0,6780.0,9959
164719711#0,572824576#0,17.55397883255839,82.0,438.0,1075.0,1822.0,2592.0,3402.0,4269.0,5099.0,5957.0,6766.0,9993
190062975#0,363269849,2.3593281181460664,97.0,411.0,982.0,1716.0,2432.0,3240.0,4165.0,5217.0,6146.0,6978.0,9263
102151604#0,129040733#0,1.175493309932423,10.0,74.0,272.0,551.0,942.0,1344.0,1785.0,2081.0,2294.0,2490.0,2733
27467129,22989438#0,1.385125519265858,1.0,1.0,1.0,1.0,1.0,1.0,1.0,1.0,1.0,1.0,1
197448006,184841582,19.325792405008023,1.0,1.0,11.0,117.0,370.0,809.0,1533.0,2512.0,3631.0,4756.0,10001
24210659#1,25877237#2,17.561919062729647,153.0,486.0,987.0,1583.0,2174.0,2812.0,3538.0,4329.0,5176.0,6008.0,9955
164719711#11,128321262#0,3.299947718705826,20.0,92.0,213.0,355.0,551.0,823.0,1037.0,1208.0,1346.0,1451.0,1555
-122104114#11,-24391388,8.385950327829594,41.0,250.0,760.0,1479.0,2182.0,2993.0,3864.0,4708.0,5565.0,6420.0,9877
196795239#0,-23360406#4,4.4623267820903205,50.0,257.0,650.0,1306.0,2161.0,2983.0,3818.0,4493.0,5116.0,5672.0,9952
161183819#3,25753392#1,0.7425113909470235,1.0,1.0,1.0,1.0,1.0,1.0,1.0,1.0,1.0,1.0,1
28749869#1,59099648,16.604615198569,6.0,23.0,73.0,215.0,553.0,1127.0,1935.0,2939.0,4014.0,5027.0,10001
32601842,23481919#0,17.121004312783832,108.0,587.0,1317.0,2373.0,3716.0,5037.0,6172.0,7095.0,7763.0,8251.0,9998
24210659#1,35302147#0,17.06180228605815,142.0,501.0,986.0,1491.0,2004.0,2573.0,3267.0,3946.0,4655.0,5405.0,9972
60417834,218997169,1.350776019241078,8.0,43.0,127.0,212.0,317.0,427.0,512.0,584.0,631.0,652.0,683
681795405,22944015,2.1300850475219786,13.0,42.0,138.0,280.0,509.0,969.0,1654.0,2435.0,3395.0,4326.0,8263
24210659#1,188066222#0,5.002263531848815,21.0,36.0,51.0,51.0,55.0,59.0,156.0,426.0,771.0,1147.0,6979
-78394432#3,-25699672#0,2.256426184221304,2.0,6.0,14.0,42.0,63.0,93.0,137.0,168.0,199.0,303.0,2364
184767414#0,-128926563,11.511329591146488,77.0,371.0,867.0,1751.0,3042.0,4443.0,5742.0,6957.0,7911.0,8712.0,9931
210881968,92858688#0,1.1406583393675225,1.0,1.0,1.0,1.0,1.0,1.0,1.0,1.0,1.0,1.0,1
-251365439#2,123974277#6,7.513996394380688,270.0,1763.0,4226.0,6540.0,7855.0,8560.0,9060.0,9350.0,9535.0,9667.0,9831
224846576,103271274,6.820725261074455,320.0,2403.0,5477.0,7572.0,8587.0,9164.0,9433.0,9545.0,9621.0,9660.0,9706
26943239#0,25699643,16.694547857366448,1.0,1.0,5.0,23.0,129.0,443.0,1010.0,1987.0,3178.0,4602.0,10001
32572650,27920641#1,12.309414842418306,270.0,1293.0,2739.0,4022.0,4898.0,5559.0,6157.0,6744.0,7331.0,7765.0,9803
-212517335,122763953#0,0.9736209487702088,1.0,1.0,1.0,1.0,1.0,1.0,1.0,1.0,1.0,1.0,1
128279546#4,27333244#1,1.154462243810222,22.0,67.0,156.0,336.0,562.0,781.0,964.0,1124.0,1270.0,1380.0,1611
42955937,29267682#1,17.657950538922304,24.0,159.0,296.0,438.0,636.0,1013.0,1653.0,2578.0,3756.0,5113.0,10001
23206898#2,35302147#1,8.927206857299758,135.0,958.0,2586.0,4594.0,6128.0,7238.0,7861.0,8315.0,8575.0,8709.0,8933
-137112611,28663916#0,0.8920237005636604,1.0,1.0,1.0,1.0,1.0,1.0,1.0,1.0,1.0,1.0,1
32572650,124205534#2,24.409001511315065,18.0,119.0,454.0,1028.0,1753.0,2590.0,3557.0,4486.0,5317.0,6123.0,10001
299740037,25699710#1,3.8132182552489455,180.0,558.0,1047.0,1569.0,2132.0,2857.0,3644.0,4368.0,4985.0,5549.0,9847
184767410,-184817977#1,11.514162652859508,104.0,502.0,1095.0,2184.0,3745.0,5318.0,6736.0,7895.0,8741.0,9248.0,9925
32601842,28769085#1,29.33862271658825,17.0,46.0,158.0,381.0,682.0,1045.0,1436.0,1937.0,2585.0,3392.0,10000
24210659#1,78500197,6.17186202719268,15.0,135.0,512.0,1027.0,1887.0,3030.0,4397.0,5719.0,7030.0,8107.0,10001
32601842,-28433693#2,28.90724460909898,3.0,17.0,84.0,315.0,878.0,1821.0,3010.0,4295.0,5425.0,6432.0,10001
223153146,202461355#0,1.2829087737720997,1.0,1.0,1.0,1.0,1.0,1.0,1.0,1.0,1.0,1.0,1
123974278,-24391388,0.8379198118362553,1.0,1.0,1.0,1.0,1.0,1.0,1.0,1.0,1.0,1.0,1
-23316480#0,102159439#0,1.2388405877960382,16.0,41.0,82.0,133.0,238.0,406.0,571.0,760.0,907.0,1002.0,1177
23185003,189722713,1.367227377880047,3.0,6.0,40.0,72.0,216.0,323.0,465.0,565.0,606.0,631.0,639
28006056#2,-24391388,8.34881401535005,32.0,282.0,948.0,1725.0,2532.0,3366.0,4222.0,5128.0,5980.0,6776.0,9920
60710001#5,-27636812#0,6.295370347042034,12.0,125.0,476.0,1097.0,1935.0,2987.0,4168.0,5300.0,6366.0,7286.0,9996
32572650,-39317217#5,23.611081929702,14.0,93.0,396.0,923.0,1628.0,2441.0,3290.0,4202.0,5070.0,5888.0,10001
56275934#0,128321241#0,3.956591770470183,146.0,459.0,793.0,1103.0,1476.0,1990.0,2581.0,3238.0,3900.0,4489.0,9344
164719711#0,-29267682#1,1.0615060240789536,1.0,3.0,4.0,4.0,4.0,4.0,4.0,4.0,4.0,4.0,4
1004697375,79561694#0,12.137812776727747,55.0,237.0,568.0,1123.0,1825.0,2635.0,3478.0,4368.0,5311.0,6255.0,9991
164719711#11,27898010#5,8.660268801989652,2.0,14.0,59.0,173.0,354.0,659.0,1088.0,1601.0,2182.0,2918.0,10001
26786421#0,26786321#10,0.8841784929877837,35.0,66.0,133.0,178.0,235.0,317.0,390.0,446.0,478.0,492.0,500
164719711#0,95464808#3,17.462941126773742,1.0,1.0,13.0,109.0,420.0,972.0,1881.0,2940.0,4046.0,5153.0,10001
50638995,123974277#6,2.4352480591724857,1.0,1.0,1.0,1.0,1.0,1.0,1.0,1.0,1.0,1.0,1
27896850#1,-102188154,7.233691023887303,4.0,22.0,108.0,328.0,723.0,1310.0,2208.0,3286.0,4472.0,5633.0,10001
23780707,102159454#0,1.6311821659167656,46.0,83.0,236.0,555.0,1237.0,2384.0,3412.0,4398.0,5081.0,5529.0,6357
-27798065#1,572824576#0,24.54097579509728,1.0,2.0,59.0,370.0,1010.0,1958.0,3089.0,4270.0,5407.0,6511.0,10001
28769085#1,128364009#3,14.270443203127932,255.0,636.0,1139.0,1699.0,2227.0,2787.0,3400.0,4069.0,4737.0,5393.0,9984
32572650,25373336#2,17.832171928337782,65.0,595.0,1500.0,2799.0,4343.0,5664.0,6723.0,7546.0,8101.0,8565.0,10001
164719711#0,185140328#2,7.141678766282673,41.0,173.0,419.0,891.0,1436.0,2130.0,2974.0,3948.0,4941.0,5888.0,10000
29470677#0,30965253#5,0.8010191713383418,8.0,8.0,8.0,8.0,8.0,8.0,8.0,8.0,8.0,8.0,8
20909423#0,222205279#0,2.542373134360809,97.0,1081.0,3376.0,5724.0,7415.0,8452.0,8966.0,9232.0,9353.0,9408.0,9443
-102613786,25877237#2,9.53976677487702,2.0,14.0,81.0,256.0,550.0,1011.0,1687.0,2520.0,3443.0,4496.0,10001
197448006,50639430,14.20875413887804,78.0,232.0,456.0,846.0,1360.0,1989.0,2812.0,3665.0,4439.0,5186.0,9503
183755467#3,107495326#1,1.0639950439872836,1.0,1.0,1.0,1.0,1.0,1.0,1.0,1.0,1.0,1.0,1
26800798#1,-29267682#0,16.510467685512413,1.0,1.0,9.0,57.0,316.0,816.0,1586.0,2665.0,3896.0,5197.0,10001
205713363#0,35302147#1,12.834931985524577,1.0,7.0,60.0,200.0,545.0,1090.0,1837.0,2684.0,3692.0,4768.0,10001
164719711#11,128175889#2,2.215592837668785,4.0,6.0,21.0,49.0,89.0,144.0,202.0,273.0,334.0,388.0,672
26947166#0,167703047#0,0.8799948471135309,1.0,1.0,1.0,1.0,1.0,1.0,1.0,1.0,1.0,1.0,1
-29267812#3,-24392129#3,14.689471694735856,182.0,437.0,681.0,973.0,1309.0,1819.0,2474.0,3384.0,4396.0,5558.0,9987
-142391300#8,196928948,0.9649849022132,1.0,1.0,1.0,1.0,1.0,1.0,1.0,1.0,1.0,1.0,1
164719711#0,165774313#2,11.095631951693932,4.0,36.0,151.0,432.0,905.0,1624.0,2592.0,3586.0,4566.0,5549.0,10001
32572650,-222477736,29.25082795825981,9.0,45.0,150.0,368.0,679.0,1048.0,1447.0,1968.0,2586.0,3382.0,10001
-75590376,51034404,0.8868101152075041,1.0,1.0,1.0,1.0,1.0,1.0,1.0,1.0,1.0,1.0,1
24210659#1,164719711#11,17.40427220311721,117.0,482.0,907.0,1383.0,1948.0,2518.0,3118.0,3791.0,4512.0,5213.0,9996
164719711#0,-103968781,1.5767540148660055,3.0,4.0,4.0,4.0,4.0,9.0,16.0,20.0,22.0,22.0,22
26945881#0,130410705#4,1.200907414381164,1.0,11.0,37.0,126.0,285.0,458.0,608.0,697.0,760.0,813.0,852
24207458#3,202613740,1.5321407622035488,1.0,1.0,1.0,1.0,1.0,1.0,1.0,1.0,1.0,1.0,1
26827919,103640434,2.375322498947319,33.0,166.0,451.0,999.0,1623.0,2484.0,3032.0,3542.0,3859.0,4013.0,4178
27333296#0,356860400#8,5.342112137414144,18.0,71.0,200.0,471.0,956.0,1681.0,2542.0,3479.0,4475.0,5418.0,10000
28663740#1,28550322#0,1.150697678632411,13.0,42.0,105.0,216.0,337.0,464.0,575.0,659.0,745.0,799.0,832
-29267812#3,184789921,19.57200508174958,1.0,1.0,2.0,28.0,213.0,607.0,1386.0,2393.0,3478.0,4585.0,10001
197448006,-171045848,17.374837595165086,1.0,2.0,32.0,204.0,668.0,1382.0,2336.0,3442.0,4499.0,5623.0,10001
201337273#0,-20904928,0.8716833078278758,1.0,1.0,1.0,1.0,1.0,1.0,1.0,1.0,1.0,1.0,1
128321262#0,27612696#0,4.47951607249676,90.0,306.0,842.0,1593.0,2468.0,3493.0,4475.0,5301.0,5993.0,6545.0,9733
-103968781,-168522517#0,19.206184264374805,1.0,1.0,4.0,29.0,178.0,544.0,1229.0,2192.0,3261.0,4366.0,10001
197448006,-24210584#19,17.943724799275685,61.0,276.0,634.0,1174.0,1755.0,2407.0,2970.0,3553.0,4197.0,4903.0,9910
24210659#2,182455933,14.19390593078865,1.0,13.0,78.0,288.0,773.0,1567.0,2608.0,3904.0,5163.0,6376.0,10001
-27621253#6,-27633699,5.552543787530328,16.0,83.0,332.0,854.0,1564.0,2407.0,3501.0,4514.0,5564.0,6567.0,9999
83336783#0,25738280#0,13.811761095230494,249.0,752.0,1374.0,2052.0,2775.0,3509.0,4298.0,5099.0,5963.0,6768.0,9968
-26944226#0,28159611#0,1.151786186227598,22.0,78.0,144.0,230.0,318.0,384.0,385.0,385.0,385.0,385.0,385
-34585013#1,160334594#2,0.4720286735666918,1.0,1.0,1.0,1.0,1.0,1.0,1.0,1.0,1.0,1.0,1
43129262,-123974277#6,1.140037195095681,1.0,1.0,1.0,1.0,1.0,1.0,1.0,1.0,1.0,1.0,1
28293255#3,27568595,5.380464372535518,1.0,1.0,1.0,1.0,1.0,1.0,1.0,1.0,1.0,1.0,1
27421446#3,-27472558#2,1.2598712445778766,174.0,738.0,1656.0,3000.0,4308.0,5569.0,6472.0,7037.0,7332.0,7473.0,7608
164719711#0,164645408,3.695553636001397,17.0,88.0,287.0,645.0,1146.0,1701.0,2181.0,2740.0,3494.0,4271.0,7149
49578287,-50639092,2.412371210819504,1.0,1.0,1.0,1.0,1.0,1.0,1.0,1.0,1.0,1.0,1
122270739#0,190344675#5,1.7661870856812487,10.0,39.0,156.0,463.0,1073.0,1800.0,2499.0,3245.0,3910.0,4556.0,6651
143415281#0,125733974#1,9.867611401394232,1.0,3.0,41.0,251.0,826.0,1836.0,3124.0,4565.0,6040.0,7308.0,10001
236738476#1,209669189#0,0.89931444423629,3.0,3.0,3.0,3.0,3.0,3.0,3.0,3.0,3.0,3.0,3
291263469,24391309,14.404648796562284,163.0,354.0,579.0,830.0,1160.0,1607.0,2212.0,3048.0,4044.0,5161.0,9984
164719711#0,-103968781,1.5767540148660055,3.0,4.0,4.0,4.0,4.0,9.0,15.0,20.0,22.0,22.0,22
24210659#1,-27359188#0,25.987908520233084,1.0,2.0,16.0,82.0,364.0,915.0,1798.0,2823.0,3999.0,5231.0,10001
222477736,25699711,14.561269516121463,159.0,374.0,728.0,1106.0,1525.0,1941.0,2476.0,3098.0,3744.0,4438.0,9929
134396109,-28005218#5,8.848297977565181,37.0,259.0,794.0,1567.0,2588.0,3537.0,4380.0,5210.0,5940.0,6535.0,10000
28749869#1,25738280#0,13.929230894365498,242.0,572.0,1142.0,1747.0,2379.0,3061.0,3806.0,4558.0,5295.0,6059.0,9899
27208889#1,199412756#0,1.0438892482473732,11.0,27.0,53.0,111.0,182.0,272.0,395.0,562.0,727.0,922.0,1309
32572650,83336783#0,29.2232230058465,17.0,63.0,174.0,437.0,744.0,1097.0,1489.0,1958.0,2637.0,3446.0,10000
128648692#2,99310136#0,1.1138031241794626,17.0,56.0,128.0,260.0,508.0,974.0,1622.0,2260.0,2805.0,3209.0,3724
197448006,138013674,19.537991457521667,1.0,2.0,22.0,138.0,409.0,967.0,1798.0,2852.0,4045.0,5252.0,10001
