,origin,destination,euclidean,nb_0.1_paths,nb_0.2_paths,nb_0.3_paths,nb_0.4_paths,nb_0.5_paths,nb_0.6_paths,nb_0.7_paths,nb_0.8_paths,nb_0.9_paths,nb_1.0_paths,nb_paths
0,197448006,124643416#2,10.911460212393427,17.0,132.0,301.0,557.0,783.0,947.0,1205.0,1333.0,1462.0,1372.0,15001
1,164719711#0,29267926,0.7554046037067161,1.0,0.0,0.0,0.0,0.0,0.0,0.0,0.0,0.0,0.0,1
2,100968568,40726920#6,14.056928339834904,1.0,12.0,110.0,332.0,728.0,1242.0,1918.0,2325.0,2254.0,1812.0,15001
3,-27340254#0,-1071661242,1.3520693620649196,1.0,0.0,0.0,0.0,0.0,0.0,0.0,0.0,0.0,0.0,1
4,27806634,48996848,2.4484044769800573,449.0,1052.0,1619.0,1839.0,1993.0,1865.0,1568.0,1032.0,745.0,491.0,14185
5,105003382,-27856820#3,1.013150850468172,1.0,0.0,0.0,0.0,0.0,0.0,0.0,0.0,0.0,0.0,1
6,27318433,24392110,8.509085889987348,179.0,354.0,603.0,517.0,482.0,628.0,690.0,780.0,1018.0,1295.0,15001
7,-123974277#10,-24391388,0.8379198118362553,1.0,0.0,0.0,0.0,0.0,0.0,0.0,0.0,0.0,0.0,1
8,27921142,164719711#11,7.601895390448746,2.0,21.0,133.0,597.0,1236.0,1846.0,2141.0,2089.0,1859.0,1597.0,15001
9,-29267812#3,-27186946,19.75955676689885,1.0,0.0,4.0,66.0,317.0,745.0,1178.0,1553.0,1683.0,1766.0,15001
10,28686628#3,-1015477919,0.7741219570644693,1.0,0.0,0.0,0.0,0.0,0.0,0.0,0.0,0.0,0.0,1
11,164719711#0,-22897852#3,2.2903761768080915,3.0,2.0,3.0,0.0,0.0,0.0,0.0,0.0,0.0,0.0,8
12,-224494290,128321241#2,16.705548999024273,1.0,0.0,4.0,38.0,179.0,499.0,1057.0,1643.0,1994.0,2154.0,15001
13,-102613795#1,-1122924583#3,9.405279312336605,1.0,5.0,39.0,107.0,235.0,375.0,609.0,815.0,1090.0,1244.0,15001
14,133369682,121997939#3,1.096024289095329,3.0,2.0,4.0,10.0,13.0,19.0,22.0,30.0,35.0,25.0,545
15,143415281#0,-23946407,10.130448061519278,1.0,4.0,65.0,317.0,881.0,1657.0,2049.0,2209.0,2107.0,1676.0,15001
16,-50639429,122763953#0,1.031103820787753,1.0,0.0,0.0,0.0,0.0,0.0,0.0,0.0,0.0,0.0,1
17,164719711#0,128364005,1.558943041087549,3.0,1.0,2.0,2.0,3.0,8.0,5.0,10.0,8.0,1.0,43
18,203672999#1,164719711#12,11.82555180438389,1.0,2.0,27.0,98.0,273.0,557.0,778.0,999.0,1325.0,1474.0,15001
19,43129262,50639430,1.161797294807977,1.0,0.0,0.0,0.0,0.0,0.0,0.0,0.0,0.0,0.0,1
20,-50640017,-212517335,0.8497562325125247,1.0,0.0,0.0,0.0,0.0,0.0,0.0,0.0,0.0,0.0,1
21,30966481,164719711#11,9.2679353302,115.0,713.0,1455.0,1922.0,2029.0,1815.0,1539.0,1321.0,1077.0,748.0,14432
22,543948213,27864618,1.5367581485528792,3.0,6.0,23.0,30.0,94.0,161.0,189.0,144.0,111.0,53.0,2340
23,-679458128,128321262#0,16.74643551685124,1.0,1.0,2.0,29.0,127.0,426.0,871.0,1428.0,1794.0,1989.0,15001
24,32601842,23481754#0,17.5120913140509,218.0,797.0,1094.0,1646.0,1869.0,1964.0,1611.0,1250.0,992.0,726.0,15001
25,196279823,-51036726,1.1722181634058384,1.0,0.0,0.0,0.0,0.0,0.0,0.0,0.0,0.0,0.0,1
26,32601842,74464019#2,15.373568074836072,281.0,801.0,1191.0,1650.0,1719.0,1625.0,1459.0,1267.0,1133.0,913.0,14998
27,33600916#1,76499562,12.953632229421409,1.0,11.0,65.0,304.0,745.0,1168.0,1486.0,1603.0,1520.0,1461.0,15001
28,-22897852#3,-903421712,9.001799915555893,2.0,29.0,156.0,434.0,835.0,1224.0,1693.0,1809.0,1884.0,1729.0,15001
29,-22897852#3,27896855#0,8.626825844331766,7.0,29.0,110.0,264.0,572.0,865.0,1210.0,1477.0,1760.0,1714.0,15001
30,29391219,-24391388,8.572364200938532,36.0,444.0,1049.0,1229.0,1264.0,1289.0,1233.0,1330.0,1327.0,1232.0,14962
31,123974277#6,-24391309,1.121467650368466,1.0,0.0,0.0,0.0,0.0,0.0,0.0,0.0,0.0,0.0,1
32,164752117#1,-476643770#1,8.950054701755013,56.0,437.0,908.0,1317.0,1497.0,1332.0,1110.0,996.0,914.0,820.0,14996
33,-142391300#4,680652726#7,0.8086100725845887,61.0,487.0,721.0,652.0,689.0,576.0,424.0,283.0,106.0,61.0,4091
34,572824576#0,27337101,23.654766195702447,1.0,2.0,54.0,222.0,583.0,999.0,1447.0,1679.0,1867.0,1851.0,15001
35,-478446663,-190850064,3.939155569425889,98.0,408.0,690.0,1084.0,1400.0,1526.0,1501.0,1183.0,933.0,677.0,10879
36,25699643,23914020#2,13.920855369500613,1.0,5.0,89.0,460.0,1133.0,2087.0,2489.0,2444.0,1940.0,1511.0,15001
37,43129262,-123974278,0.8990809939238047,1.0,0.0,0.0,0.0,0.0,0.0,0.0,0.0,0.0,0.0,1
38,27720828#0,25699711,4.824204414724526,63.0,203.0,373.0,516.0,1031.0,1287.0,1496.0,1531.0,1356.0,1148.0,14992
39,190062963,35302147#0-AddedOffRampEdge,9.43345040912936,215.0,1027.0,1690.0,1949.0,1966.0,1679.0,1383.0,1124.0,753.0,556.0,13339
40,-171045856#3,-26945023#7,1.5332472151012844,4.0,75.0,419.0,853.0,1153.0,1146.0,920.0,694.0,462.0,317.0,6566
41,24039913#3,190062922,0.9416220318875254,1.0,0.0,0.0,0.0,0.0,0.0,0.0,0.0,0.0,0.0,1
42,208624943#6,-190022920#0,0.9051709780841128,3.0,7.0,8.0,13.0,23.0,54.0,87.0,89.0,68.0,52.0,568
43,28686528#1,35302147#0,17.85151237508446,44.0,155.0,212.0,193.0,250.0,382.0,747.0,1119.0,1574.0,1773.0,15000
44,28769085#0,25699696#1,14.579282516225264,253.0,384.0,524.0,538.0,582.0,648.0,793.0,933.0,974.0,989.0,14887
45,168143579#4,-207516268,1.5783243979015924,14.0,78.0,256.0,596.0,935.0,995.0,861.0,654.0,412.0,296.0,5585
46,27875454#1,209669189#1,0.7728395706570148,1.0,0.0,0.0,0.0,0.0,0.0,0.0,0.0,0.0,0.0,1
47,164719711#0,62163843#8,17.289518936380965,1.0,2.0,29.0,206.0,616.0,1116.0,1627.0,1768.0,1811.0,1717.0,15001
48,27896854#1,26153682,8.423964770437253,1.0,12.0,62.0,162.0,382.0,646.0,922.0,1107.0,1239.0,1331.0,15001
49,32601842,-50639430,7.365416107749052,1.0,0.0,0.0,0.0,0.0,0.0,0.0,0.0,0.0,0.0,1
50,-207516278#0,24210659#1,19.208420851136964,1.0,6.0,106.0,640.0,1426.0,2112.0,2554.0,2626.0,2303.0,1553.0,15001
51,45272469#0,572824576#0,19.35471020818785,2.0,5.0,126.0,733.0,1521.0,2208.0,2736.0,2701.0,2149.0,1359.0,15001
52,-1122924583#3,-103271284,13.831386445759696,145.0,274.0,288.0,500.0,595.0,670.0,843.0,1078.0,1258.0,1324.0,14944
53,27083515,-196943610,2.240389814183425,15.0,34.0,114.0,132.0,126.0,242.0,241.0,400.0,600.0,983.0,10430
54,32601842,212517335,7.285225062031326,1.0,0.0,0.0,0.0,0.0,0.0,0.0,0.0,0.0,0.0,1
55,478446663,-152001649#1,3.673542585983935,134.0,549.0,635.0,748.0,1228.0,1425.0,1247.0,936.0,705.0,538.0,8938
56,26986415#7,224494279#0,1.3633394326442303,2.0,0.0,0.0,0.0,2.0,1.0,1.0,2.0,5.0,7.0,42
57,164719711#0,29267682#1,1.0751360994520778,1.0,2.0,1.0,0.0,0.0,0.0,0.0,0.0,0.0,0.0,4
58,24210659#1,-103968781,16.946546588138872,196.0,509.0,681.0,771.0,790.0,901.0,909.0,937.0,1002.0,1023.0,14939
59,-27523817#3,28604545,1.792852039368494,1.0,0.0,0.0,0.0,0.0,0.0,0.0,0.0,0.0,0.0,1
60,-35306472#2,-23946420#1,11.02696390484688,1.0,1.0,16.0,109.0,452.0,1031.0,1471.0,1755.0,1762.0,1722.0,15001
61,27806586,-27858593#3,2.094629977623935,241.0,373.0,749.0,1105.0,1403.0,1279.0,1153.0,882.0,818.0,674.0,11504
62,572824576#0,27359083#3,26.08587277703456,1.0,4.0,26.0,133.0,467.0,908.0,1411.0,1694.0,1892.0,1799.0,15001
63,-141760474#2,30965267,23.6699136496379,1.0,14.0,181.0,433.0,1023.0,1474.0,1701.0,1744.0,1587.0,1509.0,15001
64,24210659#1,197448013,17.151039969447144,232.0,488.0,650.0,788.0,838.0,909.0,983.0,1071.0,1107.0,1126.0,14919
65,-123974277#10,51036726,0.8664349604623369,1.0,0.0,0.0,0.0,0.0,0.0,0.0,0.0,0.0,0.0,1
66,132617719#0,35302147#1,9.325088232577489,227.0,1371.0,2237.0,2591.0,2389.0,1859.0,1325.0,874.0,470.0,252.0,13829
67,164719711#0,291263469,1.233742850815406,1.0,0.0,0.0,0.0,0.0,0.0,0.0,0.0,0.0,0.0,1
68,237856224#0,-795435755#0,0.9085735578495036,1.0,0.0,0.0,0.0,0.0,0.0,0.0,0.0,0.0,0.0,1
69,123974277#7,50640017,0.8171475454188017,1.0,0.0,0.0,0.0,0.0,0.0,0.0,0.0,0.0,0.0,1
70,24210659#1,151402287#7,6.507820411623351,26.0,594.0,1011.0,1554.0,1964.0,2068.0,2088.0,1814.0,1471.0,1005.0,14962
71,32601842,24873518#6,18.124977468293427,189.0,816.0,1171.0,1612.0,1994.0,2040.0,1623.0,1198.0,928.0,692.0,15001
72,-122185756,-123974277#6,15.695595820607288,2.0,38.0,215.0,682.0,1312.0,1562.0,1805.0,1673.0,1746.0,1604.0,15001
73,-26943188#0,127731885,17.489096465024573,1.0,0.0,5.0,55.0,213.0,571.0,1140.0,1732.0,1983.0,2080.0,15001
74,164719711#0,197448013,0.9740276672918448,1.0,0.0,0.0,0.0,0.0,0.0,0.0,0.0,0.0,0.0,1
75,27237712#2,-179445663,5.010929085070674,41.0,220.0,428.0,733.0,953.0,1136.0,1272.0,1339.0,1465.0,1436.0,14951
76,32572650,-73369994#5,24.020675829886503,11.0,127.0,451.0,867.0,1192.0,1323.0,1450.0,1437.0,1336.0,1223.0,15000
77,122763953#0,-123974278,0.7815766577035765,1.0,0.0,0.0,0.0,0.0,0.0,0.0,0.0,0.0,0.0,1
78,48198623#2,-681047042#0,0.6343845631013619,1.0,0.0,0.0,0.0,0.0,0.0,0.0,0.0,0.0,0.0,1
79,164719711#0,-291263469,1.3225805697090078,1.0,0.0,0.0,0.0,0.0,0.0,0.0,0.0,0.0,0.0,1
80,682373297,29267682#1,17.620745804546186,29.0,156.0,240.0,204.0,249.0,484.0,857.0,1433.0,1859.0,1993.0,15001
81,122270744#1,24210659#1,19.09247514775813,2.0,5.0,124.0,570.0,1306.0,1862.0,2300.0,2576.0,2327.0,1711.0,15001
82,-23825504#1,197448013,12.193139020503152,1.0,7.0,47.0,166.0,399.0,593.0,875.0,1041.0,1344.0,1465.0,15001
83,32572650,35434958#0,11.509608751238966,388.0,1352.0,2159.0,2226.0,1851.0,1456.0,1217.0,960.0,773.0,564.0,14845
84,27898060,-179445663,8.72782480488057,1.0,12.0,61.0,159.0,312.0,533.0,784.0,938.0,1075.0,1250.0,15001
85,227764344,-103271284,1.028831706191233,1.0,0.0,0.0,0.0,0.0,0.0,0.0,0.0,0.0,0.0,1
86,197448006,-50639092,14.294537064280991,80.0,248.0,375.0,563.0,819.0,1004.0,1265.0,1282.0,1169.0,1181.0,14117
87,128364005,128321248#0,2.790854629484749,9.0,21.0,29.0,51.0,41.0,49.0,68.0,76.0,86.0,56.0,562
88,36867583,20913021#0,0.6647039086118797,1.0,0.0,0.0,0.0,0.0,0.0,0.0,0.0,0.0,0.0,1
89,28293255#3,-27569180,5.663735557520994,1.0,0.0,0.0,0.0,0.0,0.0,0.0,0.0,0.0,0.0,1
90,23206898#2,35302147#1,8.927206857299758,187.0,1269.0,2275.0,2934.0,2371.0,1668.0,1000.0,644.0,317.0,198.0,13212
91,95126794#1,-184817916,11.330727007743173,194.0,362.0,643.0,1169.0,1662.0,1930.0,2017.0,1686.0,1338.0,1001.0,14496
92,-184841580,-23265526#1,10.923445199454564,1.0,4.0,36.0,241.0,725.0,1281.0,1712.0,1876.0,1865.0,1711.0,15001
93,28749869#1,24057669#10,14.28377635547659,1.0,5.0,46.0,236.0,701.0,1355.0,1864.0,2211.0,2142.0,1802.0,15001
94,142974718#1,132617721,23.507671194916465,2.0,12.0,149.0,445.0,943.0,1368.0,1680.0,1726.0,1672.0,1485.0,15001
95,27421500#2,202461351,1.1833172663831892,4.0,11.0,15.0,57.0,121.0,187.0,220.0,420.0,232.0,380.0,2542
96,27876033,27875976#1,1.0070363406774578,11.0,31.0,71.0,141.0,176.0,180.0,185.0,137.0,106.0,65.0,1160
97,224846577#0,50639092,6.844196069803537,290.0,2420.0,4024.0,2818.0,2022.0,1375.0,836.0,365.0,185.0,125.0,14607
98,422961248,-122401597#2,1.32236470915756,1.0,0.0,0.0,0.0,0.0,0.0,0.0,0.0,0.0,0.0,1
99,164719711#0,35302147#0,1.1378038866258344,1.0,0.0,0.0,0.0,0.0,0.0,0.0,0.0,0.0,0.0,1
100,-1084577828#1,27458100#1,1.4229190286022968,19.0,34.0,62.0,147.0,299.0,390.0,513.0,488.0,477.0,351.0,3504
101,-96898355,31877860,6.289639926634041,2.0,14.0,75.0,232.0,534.0,892.0,1183.0,1436.0,1575.0,1530.0,14998
102,24210659#1,197448013,17.151039969447144,212.0,538.0,707.0,774.0,891.0,883.0,1012.0,1016.0,1027.0,1156.0,14932
103,122291179#3,25740216,16.67063725518523,1.0,0.0,6.0,55.0,209.0,575.0,1217.0,1884.0,2168.0,2087.0,15001
104,36912349,28004463#0,9.081103691712142,42.0,177.0,398.0,670.0,846.0,996.0,1158.0,1212.0,1162.0,1263.0,14993
105,164719711#0,-29267682#0,1.0751360994520778,2.0,1.0,1.0,0.0,0.0,0.0,0.0,0.0,0.0,0.0,4
106,25699672#1,-38725747,7.008733892188264,29.0,130.0,374.0,719.0,1128.0,1487.0,1718.0,1800.0,1725.0,1516.0,15001
107,560990327#2,128321247,2.21839047802986,448.0,177.0,229.0,352.0,369.0,116.0,66.0,103.0,23.0,4.0,1909
108,143920934#1,164719711#12,17.381047574646587,36.0,151.0,240.0,197.0,240.0,403.0,755.0,1195.0,1598.0,1895.0,15001
109,23646012#0,202613728#1-AddedOffRampEdge,13.114226442167192,1.0,5.0,87.0,449.0,1079.0,1657.0,1898.0,1924.0,1821.0,1490.0,15001
110,164719711#0,128130485#6,0.7969134185148703,1.0,0.0,0.0,0.0,0.0,0.0,0.0,0.0,0.0,0.0,1
111,659556220,137226453#0,7.708719991455763,4.0,32.0,148.0,406.0,858.0,1296.0,1627.0,1716.0,1745.0,1569.0,15001
112,-122106665,-476643772,9.384547098266694,52.0,306.0,596.0,961.0,1169.0,1284.0,1222.0,1145.0,1185.0,1047.0,15001
113,291263469,77666152#0,18.993813332338497,1.0,0.0,2.0,50.0,183.0,513.0,930.0,1215.0,1502.0,1561.0,15001
114,24210659#1,27799306,25.11246501400901,1.0,2.0,45.0,244.0,707.0,1211.0,1635.0,1725.0,1736.0,1689.0,15001
115,164719711#0,27857472#2,10.544832229259075,2.0,5.0,45.0,135.0,347.0,660.0,877.0,1167.0,1476.0,1573.0,15001
116,24210659#1,-27359188#0,25.987908520233084,1.0,1.0,12.0,121.0,408.0,819.0,1265.0,1623.0,1844.0,1840.0,15001
117,27237328,27568755#0,12.616962642048502,38.0,157.0,266.0,558.0,760.0,930.0,973.0,1126.0,1326.0,1497.0,15001
118,572824576#0,27797966#3,25.26419710238389,1.0,2.0,23.0,220.0,657.0,1101.0,1542.0,1756.0,1786.0,1688.0,15001
119,51032505#2,-148265965#5,1.522980161919317,1.0,0.0,0.0,0.0,0.0,0.0,0.0,0.0,0.0,0.0,1
120,-60433259#1,50640019,7.661083500625407,235.0,795.0,836.0,622.0,723.0,794.0,799.0,1018.0,1169.0,1266.0,14962
121,109167758,20901242#3,1.3773219876304452,57.0,160.0,376.0,886.0,836.0,933.0,687.0,472.0,375.0,326.0,5800
122,29470677#1,-132617719#0,0.9917179544799848,10.0,2.0,0.0,4.0,0.0,0.0,0.0,0.0,0.0,0.0,16
123,197448006,28273082#0,17.019036740733384,69.0,390.0,666.0,923.0,981.0,1039.0,1034.0,1125.0,1171.0,1312.0,14818
124,25731258#0,131476997#2,1.641359019799988,9.0,18.0,55.0,92.0,164.0,240.0,305.0,334.0,361.0,317.0,3796
125,25699672#1,24163119#0,14.856577866776986,1.0,1.0,27.0,114.0,444.0,1021.0,1567.0,1999.0,2030.0,1904.0,15001
126,225863025#1,234043046#2,0.7036797799805345,1.0,0.0,0.0,0.0,0.0,0.0,0.0,0.0,0.0,0.0,1
127,28005642#3,48775175,2.0157490635260795,1.0,0.0,0.0,0.0,0.0,0.0,0.0,0.0,0.0,0.0,1
128,-126855990#4,24391309,10.005515151422602,67.0,272.0,284.0,299.0,356.0,357.0,461.0,626.0,738.0,903.0,15000
129,27421791#3,27457860#2,1.7424600375203738,44.0,451.0,1312.0,1818.0,1976.0,1950.0,1842.0,1522.0,1257.0,842.0,14612
130,27856808,-476643770#0,9.061813739557516,64.0,458.0,967.0,1506.0,1681.0,1599.0,1356.0,1086.0,872.0,692.0,14998
131,22884871#3,172865615#0,14.1263773570501,1.0,3.0,75.0,292.0,760.0,1324.0,1506.0,1656.0,1570.0,1363.0,15001
132,197448006,124622228,10.697639401106573,9.0,142.0,433.0,702.0,953.0,1139.0,1367.0,1473.0,1462.0,1378.0,15001
133,128321241#0,-156805505,14.282208251336863,1.0,2.0,41.0,224.0,666.0,1194.0,1797.0,2162.0,2026.0,1809.0,15001
134,-190028512#1,-25699711,4.695861413190672,58.0,199.0,341.0,475.0,695.0,903.0,1153.0,1282.0,1359.0,1259.0,14987
135,572824576#0,188066222#0,5.002263531848815,24.0,16.0,13.0,4.0,1.0,44.0,285.0,516.0,549.0,571.0,10269
136,26945729#0,26945080#2,1.7914697580292982,10.0,47.0,311.0,974.0,1642.0,1567.0,1381.0,1127.0,911.0,620.0,9368
137,27620559#1,-50639092,7.744056251782443,285.0,1212.0,2614.0,3306.0,2870.0,2042.0,1273.0,777.0,351.0,147.0,14987
138,22943544#3,-207516288,1.0434882364531035,1.0,0.0,0.0,0.0,0.0,0.0,0.0,0.0,0.0,0.0,1
139,184767410,-184817977#1,11.514162652859508,171.0,586.0,971.0,1808.0,2328.0,2354.0,1985.0,1774.0,1186.0,737.0,14821
140,27897990#2,35302147#0-AddedOffRampEdge,8.88127635498494,2.0,14.0,89.0,197.0,347.0,494.0,663.0,863.0,994.0,1165.0,15001
141,45011093#0,681572145#0,5.384925012954176,183.0,309.0,520.0,641.0,618.0,571.0,667.0,829.0,951.0,1081.0,14189
142,-25699679#1,220168189#0,14.440983273039974,1.0,1.0,38.0,169.0,593.0,1193.0,1820.0,2186.0,1995.0,1778.0,15001
143,-207376912,-196928948,0.9307180035160968,1.0,0.0,0.0,0.0,0.0,0.0,0.0,0.0,0.0,0.0,1
144,-143920935#1,-1122924583#3,18.10209717546845,22.0,96.0,166.0,144.0,219.0,375.0,718.0,1163.0,1601.0,1916.0,15001
145,24210659#1,29267682#1,17.271604501763484,217.0,610.0,655.0,766.0,734.0,874.0,983.0,1054.0,1101.0,1052.0,14980
146,27799413#0,48927524#13,2.500947166138343,33.0,129.0,301.0,554.0,766.0,1040.0,1242.0,1375.0,1405.0,1244.0,11348
147,28769085#0,24468734#0,17.44109342722647,1.0,27.0,94.0,255.0,605.0,1081.0,1418.0,1640.0,1624.0,1606.0,15001
148,25740216,23646502,7.118467609827835,6.0,26.0,141.0,364.0,742.0,1319.0,1808.0,2038.0,2047.0,1756.0,15001
149,32572650,-123974277#6,7.208937783590787,1.0,0.0,0.0,0.0,0.0,0.0,0.0,0.0,0.0,0.0,1
150,136211722#1,24210659#1,19.452841554762795,1.0,1.0,116.0,647.0,1376.0,2124.0,2543.0,2735.0,2250.0,1493.0,15001
151,32572650,27898283#0,12.56229748373151,374.0,1508.0,2307.0,2030.0,1471.0,1193.0,1002.0,931.0,840.0,620.0,14884
152,197448006,62163843#6,17.175893352636447,1.0,6.0,81.0,327.0,758.0,1183.0,1505.0,1669.0,1757.0,1616.0,15001
153,-25699679#1,124243292#15,6.795771837944292,69.0,375.0,790.0,1134.0,1375.0,1629.0,1688.0,1621.0,1558.0,1302.0,14966
154,-29267812#3,659556219,3.1216419039946324,10.0,51.0,86.0,127.0,231.0,273.0,253.0,201.0,152.0,91.0,1590
155,123974277#6,122763953#0,1.0246830874721202,1.0,0.0,0.0,0.0,0.0,0.0,0.0,0.0,0.0,0.0,1
156,123974277#10,227764344,0.923100967354434,1.0,0.0,0.0,0.0,0.0,0.0,0.0,0.0,0.0,0.0,1
157,122365284#0,58930439,1.164049872783632,1.0,0.0,0.0,0.0,0.0,0.0,0.0,0.0,0.0,0.0,1
158,572824576#0,-22897852#3,15.772720356569984,433.0,737.0,826.0,979.0,1016.0,1233.0,1268.0,1292.0,1288.0,1210.0,14922
159,-212517335,24391309,1.0736481491820902,1.0,0.0,0.0,0.0,0.0,0.0,0.0,0.0,0.0,0.0,1
160,23780706#0,185140298,1.5772993774266464,34.0,172.0,302.0,557.0,722.0,750.0,602.0,515.0,474.0,504.0,5615
161,211042715,-103271274,16.229412854568785,1.0,36.0,287.0,900.0,1421.0,1722.0,1838.0,1818.0,1710.0,1601.0,15001
162,26947166#0,23785553,10.505658049771272,1.0,0.0,7.0,79.0,243.0,591.0,996.0,1398.0,1631.0,1663.0,15001
163,-560990326#0,25699682,2.2080697916382714,237.0,112.0,141.0,211.0,337.0,118.0,55.0,42.0,41.0,8.0,1312
164,28006310#0,227764344,8.436277710819637,70.0,309.0,678.0,895.0,1055.0,1051.0,1170.0,1171.0,1122.0,1108.0,14605
165,143323476#4,-795435758,1.3437057678404023,0.0,0.0,0.0,0.0,2.0,6.0,1.0,0.0,0.0,0.0,9
166,164719711#0,-179445663,1.0615060240789536,1.0,2.0,1.0,0.0,0.0,0.0,0.0,0.0,0.0,0.0,4
167,197448006,1016521102,7.287461692388045,145.0,389.0,510.0,741.0,775.0,968.0,1021.0,1236.0,1333.0,1255.0,14981
168,24210584#18,-27027040#2,14.192300948351058,1.0,9.0,65.0,278.0,800.0,1438.0,2070.0,2321.0,2062.0,1746.0,15001
169,27797966#3,24210659#1,24.740483988384003,1.0,3.0,50.0,288.0,765.0,1269.0,1643.0,1735.0,1748.0,1662.0,15001
170,25699710#0,-121392517#2,6.911123818823119,7.0,97.0,361.0,732.0,1153.0,1509.0,1600.0,1577.0,1584.0,1461.0,15001
171,27164217#3,77618528#0,2.7848998772147824,133.0,328.0,513.0,843.0,1220.0,1575.0,1747.0,1769.0,1617.0,1320.0,14524
172,-103271284,-24391388,1.0870858619233372,1.0,0.0,0.0,0.0,0.0,0.0,0.0,0.0,0.0,0.0,1
173,27620704,-194823527#3,1.299457133217845,1.0,0.0,1.0,0.0,1.0,2.0,2.0,6.0,6.0,11.0,230
174,128321262#0,35306337,13.88836821269171,1.0,2.0,15.0,108.0,372.0,888.0,1420.0,1784.0,2087.0,1841.0,15001
175,-22911244#2,25699643,4.514322789238504,159.0,405.0,609.0,1177.0,1877.0,2081.0,1882.0,1526.0,1388.0,1112.0,14930
176,809107542#6,23951330#0,2.2699807020532305,153.0,854.0,1733.0,2066.0,2095.0,1870.0,1491.0,1180.0,884.0,709.0,14775
177,27896854#1,121906997#0,1.4123481210285078,6.0,11.0,44.0,48.0,84.0,106.0,90.0,150.0,148.0,157.0,1162
178,164719711#0,35302147#0-AddedOffRampEdge,1.0375547677991666,1.0,0.0,0.0,0.0,0.0,0.0,0.0,0.0,0.0,0.0,1
179,26586027#0,227764344,9.442995217892747,60.0,254.0,315.0,317.0,345.0,397.0,509.0,626.0,789.0,865.0,15001
180,24210659#1,35302147#0,17.06180228605815,203.0,492.0,682.0,754.0,829.0,908.0,969.0,1022.0,1094.0,1061.0,14951
181,-33680795,476643766,8.930874356406301,53.0,432.0,873.0,1405.0,1539.0,1303.0,1106.0,916.0,875.0,900.0,14996
182,197448006,572824576#0,17.14710286031884,72.0,633.0,1113.0,1245.0,1192.0,1248.0,1222.0,1258.0,1303.0,1184.0,14609
183,164719711#0,-103968781,1.5767540148660055,3.0,1.0,0.0,0.0,0.0,5.0,7.0,5.0,1.0,0.0,22
184,-22897852#3,-103271284,13.831386445759696,145.0,293.0,343.0,522.0,646.0,798.0,1006.0,1173.0,1400.0,1575.0,14957
185,27808607,-50640017,8.214695853854039,208.0,466.0,744.0,696.0,610.0,593.0,660.0,748.0,892.0,1074.0,14994
186,572824576#0,164719711#12,17.389371908731896,197.0,492.0,657.0,713.0,764.0,856.0,988.0,980.0,1083.0,1030.0,14989
187,-681795401#1,-26945385#0,2.3950137807960985,37.0,121.0,253.0,352.0,549.0,778.0,1015.0,1063.0,1188.0,1163.0,13656
188,32601842,41761194#0,29.35400852157653,21.0,63.0,148.0,358.0,448.0,523.0,596.0,722.0,916.0,1189.0,15000
189,197448006,-514879385,17.88346110758546,62.0,311.0,585.0,727.0,902.0,909.0,950.0,983.0,1006.0,1111.0,14897
190,-59299374,-356860400#3,5.039983718385156,52.0,138.0,202.0,277.0,327.0,422.0,624.0,901.0,1144.0,1321.0,14946
191,843412139,27026326#1,13.789371521738715,1.0,2.0,51.0,203.0,583.0,1105.0,1717.0,2012.0,2116.0,1952.0,15001
192,201512868#2,248735818#0,1.189917439558713,14.0,82.0,229.0,432.0,647.0,746.0,735.0,741.0,685.0,545.0,6263
193,77083200#0,27786759#2,6.41421195465963,3.0,24.0,145.0,349.0,586.0,854.0,1195.0,1489.0,1522.0,1658.0,15000
194,184839812#1,27477022#0,14.017440721487606,1.0,29.0,140.0,435.0,1035.0,1704.0,2300.0,2404.0,2120.0,1621.0,15001
195,132617728#0,29267682#2,9.27333712923039,156.0,797.0,1366.0,1789.0,1950.0,1755.0,1472.0,1323.0,980.0,714.0,13837
196,164719711#0,23646380#0,11.248877938946707,11.0,66.0,204.0,477.0,813.0,1216.0,1469.0,1618.0,1517.0,1424.0,15001
197,24210659#1,-29267682#0,17.271604501763484,208.0,613.0,675.0,793.0,809.0,855.0,1009.0,1012.0,1060.0,1113.0,14988
198,237796650#0,135417815#0,1.3959902157595414,20.0,111.0,328.0,568.0,676.0,670.0,475.0,318.0,190.0,151.0,3639
199,32601842,25732686#0,17.965337679360687,202.0,793.0,1251.0,1682.0,1966.0,1979.0,1610.0,1196.0,912.0,727.0,15001
200,-45011093#1,79561694#0,5.34269195883622,166.0,441.0,613.0,760.0,819.0,955.0,1295.0,1208.0,1099.0,1034.0,13328
201,184839812#1,-190022920#0,13.896206378425324,4.0,26.0,168.0,558.0,1028.0,1738.0,2375.0,2540.0,2068.0,1575.0,15001
202,27798065#0,48741059#0,2.191738084047321,22.0,134.0,286.0,381.0,534.0,723.0,803.0,869.0,936.0,920.0,9182
203,22951417,69716265,2.223849090954074,298.0,1105.0,1575.0,1843.0,1978.0,1888.0,1493.0,1108.0,740.0,443.0,12861
204,141760481#2,27477022#3,0.890011564408686,4.0,7.0,13.0,32.0,57.0,65.0,73.0,84.0,77.0,60.0,550
205,32572650,27798062#1,12.09205212162442,287.0,969.0,1797.0,2640.0,2843.0,2255.0,1582.0,1127.0,687.0,372.0,14938
206,-143323456#4,28039863,1.7747231995038584,4.0,1.0,7.0,25.0,22.0,45.0,77.0,73.0,81.0,75.0,669
207,41138404,-476643766,9.216618397508856,73.0,513.0,877.0,1167.0,1330.0,1374.0,1107.0,936.0,868.0,752.0,14982
208,-103968781,25699710#1,2.6883963361679024,7.0,20.0,19.0,31.0,42.0,59.0,63.0,62.0,69.0,82.0,668
209,122763953#0,-123974277#7,0.9559244916513876,1.0,0.0,0.0,0.0,0.0,0.0,0.0,0.0,0.0,0.0,1
210,27340254#2,27339246,0.7734540266977121,1.0,1.0,0.0,0.0,0.0,0.0,0.0,0.0,0.0,0.0,2
211,197448006,123953416#0,19.39165827217707,1.0,4.0,24.0,135.0,411.0,797.0,1257.0,1661.0,1879.0,1774.0,15001
212,30103428#1,-27339594#0,1.0586685632898674,9.0,39.0,114.0,202.0,291.0,329.0,249.0,228.0,192.0,130.0,1958
213,164719711#0,-103968781,1.5767540148660055,3.0,1.0,0.0,0.0,0.0,5.0,7.0,4.0,1.0,0.0,21
214,29470677#0,108152388#0,1.8452776624500429,2.0,2.0,0.0,0.0,0.0,0.0,0.0,16.0,14.0,24.0,3433
215,197448006,24210659#2,17.120142111371646,75.0,592.0,1009.0,1174.0,1214.0,1136.0,1145.0,1238.0,1255.0,1209.0,14652
216,26945356#0,572824576#0,19.474320562827245,1.0,7.0,142.0,775.0,1628.0,2188.0,2665.0,2656.0,2163.0,1377.0,15001
217,22818174,39501815,11.421411253218784,231.0,628.0,1192.0,2392.0,2856.0,2469.0,1749.0,1094.0,694.0,553.0,14750
218,-27875454#0,-155876889,0.6475375791735378,1.0,0.0,0.0,0.0,0.0,0.0,0.0,0.0,0.0,0.0,1
219,-24391309,-123974277#9,0.9855402850739744,1.0,0.0,0.0,0.0,0.0,0.0,0.0,0.0,0.0,0.0,1
220,27875983#1,30694699#1,1.0732779260097614,1.0,0.0,0.0,0.0,0.0,0.0,0.0,0.0,0.0,0.0,1
221,890076876#4,-51036726,9.223060248675573,43.0,194.0,337.0,285.0,295.0,414.0,474.0,599.0,700.0,802.0,15000
222,169506731,54618836#0,0.8213418630062885,1.0,0.0,0.0,0.0,0.0,0.0,0.0,0.0,0.0,0.0,1
223,164719711#0,26153681,1.0035361828819265,2.0,1.0,1.0,0.0,0.0,0.0,0.0,0.0,0.0,0.0,4
224,50639429,-51036726,0.923100967354434,1.0,0.0,0.0,0.0,0.0,0.0,0.0,0.0,0.0,0.0,1
225,95132319,48391046#3,1.3801740646016645,256.0,369.0,869.0,944.0,1220.0,1350.0,1381.0,1264.0,1206.0,903.0,11715
226,27620999#2,-302569441,1.3545103156602398,1.0,0.0,0.0,0.0,0.0,0.0,0.0,0.0,0.0,0.0,1
227,26800798#2,-29267812#3,16.84771597317028,1.0,0.0,24.0,126.0,443.0,925.0,1399.0,1834.0,1987.0,1961.0,15001
228,1125633148#0,-121911600#6,8.265769437352224,41.0,39.0,918.0,856.0,552.0,488.0,892.0,1142.0,893.0,771.0,7066
229,-121455916#0,182783200#1,10.544217724578822,86.0,315.0,307.0,331.0,373.0,442.0,615.0,748.0,847.0,1001.0,15001
230,154928095#2,50640019,8.18998417485139,147.0,382.0,571.0,545.0,485.0,657.0,698.0,782.0,1082.0,1405.0,14996
231,27475113#2,28873044#1,2.003115793830188,0.0,0.0,12.0,47.0,150.0,293.0,283.0,361.0,463.0,711.0,8506
232,26945356#0,24210659#1,19.474320562827245,1.0,2.0,119.0,682.0,1450.0,2094.0,2585.0,2748.0,2224.0,1537.0,15001
233,65696242#0,22989438#0,0.5687993791990444,1.0,0.0,0.0,0.0,0.0,0.0,0.0,0.0,0.0,0.0,1
234,28769085#0,27082156#0,14.139430044434734,1.0,7.0,51.0,207.0,590.0,1227.0,1683.0,2094.0,2031.0,1935.0,15001
235,95126794#1,121962571#16,11.330727007743173,201.0,372.0,667.0,1242.0,1780.0,2033.0,1934.0,1694.0,1252.0,962.0,14523
236,197448006,103271274,13.997133808535066,74.0,210.0,333.0,575.0,800.0,928.0,1218.0,1218.0,1237.0,1154.0,14203
237,-121222236#4,185140308#0,8.798694497317904,42.0,330.0,855.0,1564.0,2385.0,2801.0,2496.0,1879.0,1230.0,654.0,15000
238,-1084577828#1,27458100#1,1.4229190286022968,19.0,34.0,61.0,152.0,304.0,410.0,519.0,512.0,515.0,408.0,3623
239,208624943#6,27476054,0.8948470039097888,3.0,7.0,8.0,18.0,30.0,64.0,99.0,84.0,72.0,51.0,638
240,997238473#0,-27856820#4,1.722326943749073,1.0,0.0,0.0,0.0,0.0,0.0,0.0,0.0,0.0,0.0,1
241,22989486#0,903463231,1.0705409116875604,1.0,0.0,0.0,0.0,0.0,0.0,0.0,0.0,0.0,0.0,1
242,572824576#0,-151402287#10,6.507820411623351,35.0,589.0,1250.0,1924.0,2066.0,2302.0,2117.0,1718.0,1186.0,807.0,14990
243,45741874#0,-239688003#1,1.3865361335627333,2.0,7.0,4.0,17.0,24.0,44.0,59.0,93.0,134.0,227.0,4853
244,184921819,933372047,1.3494414112863422,1.0,1.0,0.0,0.0,0.0,2.0,0.0,3.0,2.0,1.0,20
245,26786424,23899262,0.836135305603149,1.0,0.0,0.0,0.0,0.0,0.0,0.0,0.0,0.0,0.0,1
246,121897324#0,196795239#2,4.462323364373764,190.0,423.0,658.0,683.0,682.0,757.0,976.0,1040.0,1005.0,828.0,14778
247,190502843#2,127531033#1,2.581791355988023,291.0,1796.0,2219.0,1869.0,1588.0,1432.0,1149.0,829.0,568.0,403.0,13010
248,164719711#12,96898355,8.523037203195916,3.0,19.0,72.0,164.0,330.0,564.0,864.0,1029.0,1232.0,1429.0,15001
249,164719711#0,24210584#19,18.290190986264943,33.0,214.0,425.0,673.0,806.0,863.0,885.0,933.0,914.0,959.0,14995
250,197448006,-95464808#5,17.452110196627537,1.0,3.0,36.0,239.0,578.0,1026.0,1414.0,1622.0,1754.0,1614.0,15001
251,189749281#0,-48204290#2,1.367431868455854,16.0,55.0,158.0,429.0,675.0,910.0,1053.0,830.0,557.0,399.0,5786
252,50639430,43129262,0.9811648603011754,1.0,0.0,0.0,0.0,0.0,0.0,0.0,0.0,0.0,0.0,1
253,28686691#1,207814830,1.145170805396314,2.0,2.0,21.0,23.0,36.0,21.0,15.0,0.0,0.0,0.0,120
254,103980893#0,15462999#0,1.6780637268042156,28.0,52.0,58.0,57.0,80.0,165.0,280.0,491.0,517.0,398.0,4410
255,26827930#5,33805175,1.572448872645227,1.0,0.0,0.0,0.0,0.0,0.0,0.0,0.0,0.0,0.0,1
256,28686741#1,127544045,1.2110882425532454,1.0,0.0,0.0,0.0,0.0,0.0,0.0,0.0,0.0,0.0,1
257,32601842,-197374056#4,29.003552810555256,8.0,13.0,85.0,323.0,815.0,1339.0,1784.0,1808.0,1751.0,1474.0,15001
258,-110874353,27620894,0.5396579049663851,1.0,0.0,0.0,0.0,0.0,0.0,0.0,0.0,0.0,0.0,1
259,27620985#1,-302569441,1.4328214307781968,0.0,3.0,5.0,22.0,69.0,101.0,89.0,137.0,130.0,96.0,832
260,164719711#0,171045857,17.065173248871947,1.0,0.0,30.0,185.0,608.0,1139.0,1629.0,1828.0,1798.0,1679.0,15001
261,-33116981#1,28007221#2,4.18888261345871,1.0,0.0,0.0,0.0,0.0,0.0,0.0,0.0,0.0,0.0,1
262,190598718#1,124048539#3,1.730824451970307,237.0,628.0,815.0,752.0,794.0,671.0,464.0,274.0,187.0,114.0,5433
263,142983224#2,132617723#0,23.731067632383315,1.0,18.0,161.0,439.0,879.0,1380.0,1628.0,1709.0,1542.0,1441.0,15001
264,32601842,-27797966#2,11.841137926447791,366.0,1375.0,2604.0,3447.0,2994.0,1901.0,963.0,506.0,297.0,167.0,14771
265,28605420#12,469780995#0,1.0999734361149498,1.0,2.0,0.0,0.0,0.0,0.0,0.0,0.0,0.0,0.0,3
266,-217586821,-29267682#0,7.980607170864587,1.0,4.0,60.0,285.0,724.0,1187.0,1554.0,1718.0,1817.0,1734.0,15001
267,32601842,-24210584#16,29.789858598477355,16.0,54.0,148.0,323.0,462.0,556.0,619.0,741.0,956.0,1238.0,15000
268,197448006,196279823,14.085146731611564,68.0,235.0,350.0,600.0,743.0,968.0,1258.0,1310.0,1212.0,1125.0,14209
269,128364018,212079256,7.5871627269595106,2.0,57.0,256.0,683.0,1159.0,1517.0,1857.0,1863.0,1712.0,1481.0,15001
270,27340302#0,-1071661242,1.2206171669595511,1.0,0.0,0.0,0.0,0.0,0.0,0.0,0.0,0.0,0.0,1
271,27458874#5,27458100#2,1.3598629832002287,9.0,3.0,22.0,63.0,128.0,151.0,259.0,276.0,267.0,319.0,3649
272,128321241#2,-367349981,14.138220781861538,1.0,0.0,31.0,163.0,486.0,991.0,1505.0,1927.0,2054.0,1856.0,15001
273,27420526,129522981#0,1.1170359411820616,7.0,10.0,25.0,50.0,61.0,137.0,145.0,193.0,209.0,188.0,1415
274,28782741#0,35302147#0-AddedOffRampEdge,17.47366645489996,110.0,301.0,500.0,602.0,709.0,672.0,859.0,833.0,916.0,986.0,14961
275,32601842,27923122#0,12.168881104812776,274.0,1202.0,1983.0,2172.0,1906.0,1505.0,1246.0,948.0,768.0,605.0,14956
276,26943775#0,125733974#1,10.237331272595108,1.0,1.0,15.0,107.0,392.0,831.0,1414.0,1808.0,2007.0,1902.0,15001
277,142391303#3,680652726#2,0.8867322075067736,39.0,368.0,506.0,271.0,576.0,348.0,337.0,196.0,90.0,70.0,2833
278,232148107#0,48605554#0,2.620855636774402,65.0,722.0,1099.0,1179.0,1239.0,1316.0,1291.0,1207.0,1053.0,888.0,14271
279,-25699679#1,144074555#1,7.053177379161364,16.0,113.0,336.0,706.0,1096.0,1497.0,1531.0,1631.0,1612.0,1444.0,15001
280,572824576#0,-179445663,17.29591391147419,207.0,592.0,740.0,823.0,849.0,929.0,1002.0,1117.0,1091.0,1090.0,14983
281,24210659#1,28892562#0,2.7062557281883537,1.0,0.0,0.0,0.0,0.0,0.0,0.0,0.0,0.0,0.0,1
282,-27875978#1,-185130633#2,1.5290540124989256,2.0,7.0,83.0,146.0,348.0,568.0,835.0,759.0,881.0,895.0,8356
283,27340112#0,-1071661242,1.2505895582257107,1.0,0.0,0.0,0.0,0.0,0.0,0.0,0.0,0.0,0.0,1
284,27620728#0,211541530#3,0.9151522192906112,1.0,4.0,3.0,4.0,2.0,3.0,1.0,0.0,0.0,0.0,18
285,190525535#1,27806893,1.5375524706994397,1.0,0.0,0.0,0.0,0.0,0.0,0.0,0.0,0.0,0.0,1
286,78394432#0,128321241#2,1.5428646648683528,1.0,0.0,0.0,0.0,0.0,0.0,0.0,0.0,0.0,0.0,1
287,26945549,-147494956#1,1.685111786340996,17.0,162.0,733.0,1440.0,1728.0,1642.0,1372.0,1008.0,633.0,371.0,9497
288,572824576#0,200084528,23.45546657330717,1.0,0.0,51.0,303.0,645.0,1082.0,1441.0,1730.0,1805.0,1833.0,15001
289,123974277#9,122763953#0,0.8955123508329746,1.0,0.0,0.0,0.0,0.0,0.0,0.0,0.0,0.0,0.0,1
290,-572824576#1,-22908183#2,16.686419997601277,7.0,39.0,170.0,402.0,733.0,1038.0,1430.0,1750.0,1753.0,1575.0,15001
291,197448006,-136545716#8,3.82457408244849,3.0,8.0,5.0,3.0,5.0,32.0,102.0,196.0,294.0,401.0,7790
292,164719711#0,171045848,17.293386741034965,1.0,1.0,17.0,156.0,480.0,934.0,1403.0,1747.0,1753.0,1696.0,15001
293,-32558969#7,103271274,7.690766057229911,321.0,1303.0,2155.0,2291.0,2322.0,2194.0,1782.0,1201.0,703.0,340.0,14939
294,36912583#4,239517345,1.237222632463064,1.0,0.0,0.0,0.0,0.0,0.0,0.0,0.0,0.0,0.0,1
295,197448006,15741473#0,3.5988843180326904,5.0,11.0,9.0,5.0,22.0,104.0,188.0,351.0,492.0,707.0,7101
296,27875958#0,121906076#1,0.904252847981563,0.0,0.0,0.0,1.0,0.0,3.0,1.0,4.0,4.0,3.0,20
297,93666383#0,33213658#1,2.7607011834452573,821.0,2035.0,1850.0,1320.0,916.0,375.0,163.0,45.0,29.0,17.0,7600
298,28769085#0,143323459#3,14.061896443162626,1.0,3.0,39.0,183.0,603.0,1159.0,1765.0,2033.0,2067.0,1932.0,15001
299,-60779952#0,234771732#0,1.1882400681047225,1.0,2.0,2.0,2.0,4.0,7.0,9.0,14.0,11.0,22.0,118
300,-681974073#0,27634808,5.854783512615454,6.0,176.0,862.0,1876.0,2340.0,2215.0,1850.0,1485.0,1128.0,970.0,14994
301,23646012#0,202613728#1-AddedOffRampEdge,13.114226442167192,1.0,6.0,103.0,437.0,1044.0,1713.0,1970.0,1877.0,1736.0,1548.0,15001
302,24210659#1,-32515183#1,23.18180563531855,1.0,3.0,44.0,189.0,544.0,938.0,1416.0,1636.0,1874.0,1839.0,15001
303,-26827961,-27036649#0,0.6515563431524677,1.0,0.0,0.0,0.0,0.0,0.0,0.0,0.0,0.0,0.0,1
304,164719711#0,41761194#0,18.34692016368308,39.0,232.0,417.0,643.0,803.0,856.0,875.0,879.0,930.0,957.0,14994
305,32572650,185140292#9,17.43675541652774,427.0,899.0,1115.0,1451.0,1648.0,1618.0,1348.0,1209.0,965.0,832.0,14996
306,123974277#7,227764344,1.0503533054654952,1.0,0.0,0.0,0.0,0.0,0.0,0.0,0.0,0.0,0.0,1
307,201286263#0,123974277#5,5.189786365831071,1.0,0.0,0.0,0.0,0.0,0.0,0.0,0.0,0.0,0.0,1
308,29483947,-27036649#1,1.4649301522437514,11.0,43.0,76.0,46.0,17.0,73.0,94.0,126.0,205.0,241.0,2302
309,48135338#3,26828035#2,0.7556051639872413,1.0,0.0,0.0,0.0,0.0,0.0,0.0,0.0,0.0,0.0,1
310,-28574028,-179445663,17.76849472660949,36.0,165.0,211.0,202.0,308.0,484.0,879.0,1303.0,1728.0,2028.0,15001
311,665218406#0,-179445663,17.58340986122852,120.0,331.0,492.0,631.0,639.0,742.0,763.0,802.0,874.0,901.0,14986
312,-604750623,-109373094,0.9618133589239554,1.0,0.0,0.0,0.0,0.0,0.0,0.0,0.0,0.0,0.0,1
313,164719711#0,-123974277#4,13.524372221485429,261.0,404.0,494.0,733.0,1211.0,1230.0,1376.0,1242.0,1254.0,1187.0,14884
314,224494283#0,25699643,16.867830211372727,1.0,0.0,3.0,34.0,167.0,513.0,1057.0,1628.0,2099.0,2157.0,15001
315,25699672#1,27785572#1,4.47108212394867,210.0,928.0,1789.0,2228.0,2011.0,1698.0,1321.0,1000.0,957.0,772.0,14858
316,23825501#0,25877237#2,13.079321588540807,1.0,5.0,54.0,220.0,491.0,754.0,1035.0,1263.0,1507.0,1502.0,15001
317,28273082#0,180007862#0,16.443004348482543,13.0,47.0,133.0,386.0,583.0,781.0,1159.0,1462.0,1568.0,1546.0,15001
318,-53547676#1,128321262#0,4.20387271945987,89.0,287.0,503.0,637.0,1677.0,1839.0,1734.0,1454.0,1329.0,1127.0,14477
319,164719711#0,102159374,11.05640952530047,10.0,34.0,166.0,406.0,704.0,1039.0,1422.0,1560.0,1553.0,1431.0,15001
320,164719711#12,34383495,2.2218325715726337,4.0,0.0,2.0,4.0,19.0,42.0,53.0,49.0,98.0,126.0,1050
321,-32558969#0,151278040#1,1.34687595873722,1.0,2.0,4.0,5.0,5.0,10.0,13.0,24.0,38.0,43.0,776
322,311776614#0,92858688#0-AddedOnRampEdge,0.540418478827882,1.0,0.0,0.0,0.0,0.0,0.0,0.0,0.0,0.0,0.0,1
323,28749869#0,-681454826#0,13.984657091845245,1.0,5.0,62.0,229.0,746.0,1342.0,1920.0,2120.0,2126.0,1760.0,15001
324,34596459,53557675,0.5875266871010968,1.0,0.0,0.0,0.0,0.0,0.0,0.0,0.0,0.0,0.0,1
325,164719711#0,-29267682#1,1.0615060240789536,1.0,2.0,1.0,0.0,0.0,0.0,0.0,0.0,0.0,0.0,4
326,189558640,126957344,19.155413948704663,3.0,62.0,319.0,734.0,1290.0,1767.0,2069.0,1996.0,1704.0,1401.0,15001
327,22885460#6,-123974277#10,15.362291714391066,3.0,45.0,323.0,781.0,1253.0,1506.0,1757.0,1708.0,1535.0,1514.0,15001
328,681047042#1,27620698,0.6334240925279004,1.0,0.0,0.0,0.0,0.0,0.0,0.0,0.0,0.0,0.0,1
329,-60547263#1,164719711#11,8.984171958291503,1.0,9.0,39.0,164.0,374.0,614.0,931.0,1236.0,1524.0,1594.0,15001
330,30966481,-29267812#3,8.969485713451297,119.0,886.0,1731.0,2328.0,2328.0,1862.0,1494.0,1169.0,773.0,569.0,14319
331,197448006,-123964327#5,7.201759928487179,149.0,385.0,532.0,772.0,921.0,975.0,1289.0,1373.0,1287.0,1266.0,14974
332,-29267812#3,184789921,19.57200508174958,1.0,0.0,3.0,41.0,229.0,639.0,1160.0,1540.0,1634.0,1660.0,15001
333,27621366,-27633699,5.584872097857281,17.0,91.0,338.0,672.0,886.0,1324.0,1468.0,1651.0,1558.0,1376.0,14996
334,32601842,179456734,14.40512330914058,345.0,680.0,1084.0,1482.0,1560.0,1547.0,1368.0,1349.0,1212.0,1180.0,14981
335,122763953#0,123974277#9,0.8345888938573252,1.0,0.0,0.0,0.0,0.0,0.0,0.0,0.0,0.0,0.0,1
336,24210659#1,-27798065#3,25.11246501400901,1.0,2.0,37.0,260.0,663.0,1110.0,1598.0,1795.0,1753.0,1677.0,15001
337,-50640019,50639429,1.006131340266182,1.0,0.0,0.0,0.0,0.0,0.0,0.0,0.0,0.0,0.0,1
338,-282500964,-26785947,1.6655096858387335,210.0,759.0,1361.0,1652.0,1557.0,1405.0,1321.0,1083.0,940.0,747.0,12295
339,164719711#0,171045854#0,17.065173248871947,1.0,1.0,25.0,152.0,495.0,1006.0,1435.0,1709.0,1804.0,1706.0,15001
340,185130647#0,291263469,7.480789967752596,8.0,134.0,534.0,1202.0,1604.0,1797.0,1890.0,1721.0,1515.0,1260.0,14956
341,132617723#0,26153682,9.34116796276206,47.0,516.0,1254.0,1747.0,1980.0,1874.0,1523.0,1396.0,1142.0,818.0,14402
342,-22897852#3,24391309,14.497102563920302,212.0,313.0,374.0,446.0,588.0,802.0,1139.0,1537.0,1860.0,1907.0,14983
343,-28279821#4,27569239#0,4.9774910452719565,244.0,379.0,518.0,784.0,940.0,971.0,1063.0,1133.0,1055.0,996.0,13572
344,26944226#2,225335899,1.0959822267660566,1.0,0.0,0.0,0.0,0.0,0.0,0.0,0.0,0.0,0.0,1
345,51036726,-123974277#5,1.1722181634058384,1.0,0.0,0.0,0.0,0.0,0.0,0.0,0.0,0.0,0.0,1
346,32601842,-27798065#0,12.048515002476687,255.0,1019.0,2039.0,2785.0,2913.0,2133.0,1402.0,969.0,638.0,344.0,14907
347,32572650,-123974278,7.450770854777987,1.0,0.0,0.0,0.0,0.0,0.0,0.0,0.0,0.0,0.0,1
348,27208889#1,199412756#0,1.0438892482473732,11.0,16.0,27.0,61.0,90.0,107.0,142.0,176.0,180.0,229.0,1556
349,34585181#2,24240583#4,1.3946349020100537,12.0,70.0,206.0,371.0,524.0,484.0,356.0,440.0,499.0,358.0,3947
350,514879384#0,291263469,17.4708498565841,124.0,301.0,525.0,600.0,683.0,787.0,803.0,907.0,914.0,968.0,14983
351,32601842,-151402287#0,29.024064189656325,5.0,24.0,69.0,326.0,815.0,1337.0,1680.0,1850.0,1692.0,1454.0,15001
352,164719711#0,23583912#0,16.769064456824935,1.0,1.0,30.0,150.0,465.0,1046.0,1559.0,1820.0,1837.0,1725.0,15001
353,26945328#2,24210659#1,19.061378924621508,1.0,6.0,88.0,575.0,1421.0,2121.0,2540.0,2703.0,2258.0,1539.0,15001
354,-1122924583#3,430159684,19.327422855684627,1.0,0.0,4.0,48.0,265.0,642.0,1107.0,1598.0,1746.0,1764.0,15001
355,-50640017,212517335,0.8171475454188017,1.0,0.0,0.0,0.0,0.0,0.0,0.0,0.0,0.0,0.0,1
356,32572650,208624954#1,29.2912950827504,7.0,12.0,53.0,276.0,668.0,1264.0,1671.0,1821.0,1728.0,1539.0,15001
357,25775049#0,35302147#0,11.824196534059826,1.0,5.0,32.0,149.0,328.0,570.0,839.0,1150.0,1383.0,1555.0,15001
358,43129262,-123974277#5,1.2083804528451358,1.0,0.0,0.0,0.0,0.0,0.0,0.0,0.0,0.0,0.0,1
359,27797966#0,28037852,2.4897881933871537,15.0,90.0,259.0,381.0,533.0,731.0,867.0,869.0,876.0,1002.0,9336
360,197448006,-123974277#8,14.107045468137724,64.0,208.0,338.0,573.0,700.0,959.0,1206.0,1206.0,1163.0,1154.0,14190
361,24210659#1,152904821#0,2.7379462872992395,1.0,0.0,0.0,0.0,0.0,0.0,0.0,0.0,0.0,0.0,1
362,184793800#0,102207054,9.593850541923072,99.0,426.0,1063.0,1699.0,2209.0,2526.0,2237.0,1674.0,1221.0,788.0,14983
363,128321280,-28867286#1,14.3750349082918,1.0,3.0,69.0,381.0,1086.0,1949.0,2472.0,2369.0,2042.0,1629.0,15001
364,32601842,-50639429,7.409010988490855,1.0,0.0,0.0,0.0,0.0,0.0,0.0,0.0,0.0,0.0,1
365,93613044,20913024#0,0.7096009831994656,1.0,0.0,0.0,0.0,0.0,0.0,0.0,0.0,0.0,0.0,1
366,136211723#1,572824576#0,19.305185794918923,1.0,5.0,105.0,688.0,1603.0,2250.0,2768.0,2735.0,2115.0,1361.0,15001
367,-122185756,-123974277#6,15.695595820607288,1.0,35.0,258.0,741.0,1186.0,1608.0,1743.0,1722.0,1747.0,1710.0,15001
368,28293255#3,681572146,5.446472207018969,1.0,0.0,0.0,0.0,0.0,0.0,0.0,0.0,0.0,0.0,1
369,-222477863#0,202805955,16.62748598384798,6.0,32.0,142.0,291.0,579.0,921.0,1344.0,1584.0,1621.0,1508.0,15001
370,-1122924583#3,122763953#0,14.246132265417922,191.0,272.0,336.0,400.0,514.0,713.0,936.0,1234.0,1535.0,1717.0,14967
371,-51036726,-123974277#10,0.9350627931786684,1.0,0.0,0.0,0.0,0.0,0.0,0.0,0.0,0.0,0.0,1
372,164719711#0,23944858#1,17.380807579867806,1.0,1.0,21.0,153.0,468.0,1039.0,1483.0,1729.0,1787.0,1706.0,15001
373,24210659#1,-291263469,16.99699238234029,209.0,503.0,764.0,777.0,827.0,852.0,983.0,1019.0,1076.0,1094.0,14930
374,23185003,189722713,1.367227377880047,3.0,3.0,34.0,31.0,151.0,120.0,173.0,106.0,61.0,33.0,718
375,-200621451,-24391388,9.41567283076012,51.0,219.0,330.0,302.0,345.0,368.0,555.0,556.0,668.0,815.0,15001
376,-28663740#0,-526068367#13,1.2122570768337038,1.0,0.0,0.0,0.0,0.0,0.0,0.0,0.0,0.0,0.0,1
377,197448006,30409465#0,19.20573172009901,1.0,0.0,25.0,142.0,378.0,768.0,1220.0,1471.0,1778.0,1824.0,15001
378,-111108839,-212517335,7.761298989444722,342.0,1418.0,2275.0,2512.0,2470.0,2134.0,1659.0,1005.0,567.0,297.0,14956
379,95837516,165557014#0,3.1372215401265344,25.0,97.0,213.0,333.0,539.0,833.0,1262.0,1614.0,1908.0,1889.0,14621
380,121760891#1,79080460,5.180760041190275,26.0,98.0,228.0,487.0,774.0,1094.0,1357.0,1481.0,1617.0,1561.0,14991
381,-20909415#2,122227152,2.219072728897098,40.0,646.0,1596.0,1880.0,1938.0,1599.0,1208.0,997.0,657.0,388.0,11225
382,223153151#1,23980770,1.1730634915783889,1.0,0.0,0.0,0.0,0.0,0.0,0.0,0.0,0.0,0.0,1
383,128321241#2,-124262197#2,6.582251826799449,231.0,713.0,993.0,1262.0,1606.0,1780.0,1716.0,1524.0,1308.0,1088.0,14940
384,121897321#0,25699643,4.585095803786102,107.0,264.0,342.0,459.0,597.0,916.0,1273.0,1389.0,1558.0,1617.0,14919
385,-128619973#5,25699682,4.518943562885594,163.0,430.0,649.0,1266.0,2148.0,2303.0,2117.0,1800.0,1385.0,1030.0,14916
386,128648704,-212517335,16.370369574530166,1.0,37.0,265.0,875.0,1479.0,1825.0,1916.0,1833.0,1736.0,1546.0,15001
387,-92863818#1,28004463#0,9.148279806985252,26.0,148.0,303.0,534.0,721.0,768.0,906.0,986.0,1154.0,1184.0,15000
388,190502854,-1027701213#1,2.413108919653906,151.0,1152.0,2104.0,2282.0,2149.0,1899.0,1532.0,1074.0,824.0,539.0,14661
389,132617723#2,29470677#0,0.7361917801152601,1.0,0.0,2.0,0.0,0.0,0.0,0.0,0.0,0.0,0.0,3
390,-27808599#0,-24391388,7.571123083841766,316.0,790.0,709.0,619.0,667.0,675.0,648.0,816.0,956.0,1092.0,14990
391,32601842,681335360,24.12320656592188,16.0,140.0,561.0,882.0,1235.0,1359.0,1480.0,1476.0,1299.0,1098.0,15001
392,303330606#15,-27527376,1.357303528759496,1.0,8.0,7.0,39.0,78.0,95.0,141.0,152.0,231.0,294.0,2291
393,197448006,34127147,7.098939335386438,226.0,539.0,645.0,738.0,742.0,741.0,1030.0,1303.0,1286.0,1190.0,14974
394,572824576#0,188066221#0,5.0882071428876845,26.0,15.0,11.0,4.0,26.0,87.0,360.0,807.0,1489.0,1889.0,10174
395,32601842,-27798062#0,11.841137926447791,360.0,1318.0,2464.0,3369.0,3071.0,1975.0,1000.0,527.0,322.0,210.0,14838
396,-22897852#3,25699711,2.685028121764718,1.0,1.0,2.0,1.0,1.0,1.0,2.0,1.0,5.0,2.0,228
397,-23780706#2,57399045,1.2794070972372258,7.0,27.0,44.0,79.0,197.0,243.0,295.0,326.0,273.0,265.0,2839
398,-129172147,23915513,1.230186826274639,1.0,0.0,0.0,0.0,0.0,0.0,0.0,0.0,0.0,0.0,1
399,20888529,194677884,0.8768006639739235,1.0,0.0,0.0,0.0,0.0,0.0,0.0,0.0,0.0,0.0,1
400,32572650,-156555182,9.911816942073736,23.0,139.0,733.0,708.0,1031.0,1095.0,1316.0,1156.0,886.0,850.0,10247
401,-187233970#4,20881246#0,0.9627436042891374,3.0,6.0,31.0,95.0,191.0,289.0,389.0,449.0,464.0,372.0,3031
402,146715460,35302147#0-AddedOffRampEdge,8.830585353148466,2.0,22.0,97.0,207.0,395.0,598.0,805.0,1076.0,1248.0,1343.0,15001
403,164719711#0,572824576#0,17.55397883255839,126.0,543.0,910.0,1194.0,1230.0,1193.0,1241.0,1252.0,1266.0,1193.0,14977
404,-28574028,-179445663,17.76849472660949,33.0,157.0,241.0,238.0,275.0,473.0,854.0,1289.0,1664.0,1993.0,15001
405,29298899#5,79080794#0,1.3522885674491616,159.0,512.0,1137.0,1110.0,1109.0,1123.0,1237.0,1261.0,863.0,756.0,10724
406,197448006,572824576#0,17.14710286031884,82.0,606.0,1140.0,1218.0,1208.0,1214.0,1177.0,1254.0,1263.0,1182.0,14621
407,26586027#0,-50640017,9.881442724572407,52.0,192.0,295.0,315.0,348.0,422.0,517.0,658.0,761.0,938.0,15001
408,-29267812#3,143974263#0,19.40759399597064,1.0,0.0,7.0,61.0,234.0,664.0,1054.0,1494.0,1675.0,1715.0,15001
409,32601842,-23482095#6,17.124634260124047,348.0,797.0,1016.0,1409.0,1698.0,1684.0,1561.0,1363.0,1106.0,928.0,14999
410,164719711#0,29267682#2,1.1656999952340643,2.0,1.0,1.0,0.0,0.0,0.0,0.0,0.0,0.0,0.0,4
411,-24210584#19,-27026559#0,14.024576464944593,1.0,7.0,47.0,260.0,784.0,1403.0,1964.0,2260.0,2135.0,1765.0,15001
412,90220418#0,187233985#0,1.1024712820033054,7.0,59.0,227.0,306.0,301.0,449.0,609.0,696.0,653.0,732.0,6185
413,32572650,103271284,7.199269084310486,1.0,0.0,0.0,0.0,0.0,0.0,0.0,0.0,0.0,0.0,1
414,24210659#1,122400053#2,6.152560685013757,19.0,583.0,1419.0,1827.0,2088.0,2207.0,2018.0,1721.0,1211.0,771.0,14911
415,23902061,129172154,0.998768859156168,1.0,0.0,0.0,0.0,0.0,0.0,0.0,0.0,0.0,0.0,1
416,32572650,27898067#0,15.403727815754875,311.0,820.0,1124.0,1478.0,1735.0,1552.0,1424.0,1274.0,1084.0,979.0,14997
417,-51036726,196279823,1.335758240235713,1.0,0.0,0.0,0.0,0.0,0.0,0.0,0.0,0.0,0.0,1
418,309656499#2,572824576#0,19.542702250114743,1.0,8.0,142.0,781.0,1613.0,2314.0,2823.0,2675.0,2008.0,1275.0,15001
419,-123974277#9,50640019,0.8345888938573252,1.0,0.0,0.0,0.0,0.0,0.0,0.0,0.0,0.0,0.0,1
420,164719711#0,184762456#1,7.297984376685231,30.0,153.0,326.0,617.0,908.0,1241.0,1693.0,1733.0,1841.0,1573.0,14991
421,22944650#0,879819015,1.7312623465100263,5.0,41.0,223.0,593.0,878.0,1264.0,1354.0,1450.0,1225.0,1133.0,11264
422,74464019#2,34383827#0,7.003190434474832,2.0,16.0,94.0,230.0,425.0,649.0,882.0,1057.0,1262.0,1319.0,15000
423,26827932,-27776874#4,2.410953783264108,74.0,393.0,826.0,951.0,612.0,294.0,93.0,33.0,7.0,5.0,3290
424,50814314#1,28040067,1.3470523870088242,2.0,0.0,1.0,6.0,11.0,40.0,120.0,175.0,248.0,291.0,1413
425,164719711#0,62163843#6,17.190866650009777,1.0,3.0,35.0,166.0,595.0,1131.0,1653.0,1886.0,1879.0,1682.0,15001
426,-24391388,-123974277#7,1.0503533054654952,1.0,0.0,0.0,0.0,0.0,0.0,0.0,0.0,0.0,0.0,1
427,164719711#0,217586819,8.852728084132536,1.0,19.0,80.0,260.0,665.0,1165.0,1599.0,1944.0,2043.0,1764.0,15001
428,148634437#0,933372047,0.774283046358672,1.0,0.0,1.0,0.0,0.0,0.0,0.0,0.0,0.0,0.0,2
429,27875783#4,27858698#0,0.6708834580682337,1.0,0.0,0.0,0.0,0.0,0.0,0.0,0.0,0.0,0.0,1
430,24210659#1,27798062#0,25.125035265077617,1.0,1.0,44.0,213.0,674.0,1178.0,1609.0,1714.0,1760.0,1635.0,15001
431,75590387,99475435,1.035030604847324,1.0,0.0,0.0,0.0,0.0,0.0,0.0,0.0,0.0,0.0,1
432,36912349,476643770#0,9.107811717304068,75.0,513.0,950.0,1279.0,1480.0,1350.0,1061.0,852.0,852.0,845.0,14975
433,32601842,-27798065#1,11.970442971958864,216.0,944.0,1993.0,2834.0,2832.0,2120.0,1384.0,1034.0,652.0,420.0,14930
434,-50639430,-24391309,1.1264210881438597,1.0,0.0,0.0,0.0,0.0,0.0,0.0,0.0,0.0,0.0,1
435,128321280,26664855#4,14.076929329515773,1.0,6.0,76.0,424.0,1142.0,2090.0,2666.0,2423.0,2012.0,1420.0,15001
436,23583742,-184839821,9.183358832353806,154.0,662.0,798.0,1134.0,1555.0,1818.0,1875.0,1712.0,1414.0,1070.0,14857
437,615138779#3,-291263469,17.877067880551355,36.0,131.0,208.0,192.0,263.0,420.0,725.0,1043.0,1388.0,1617.0,15001
438,572824576#0,27798065#1,25.11246501400901,1.0,3.0,40.0,254.0,712.0,1226.0,1618.0,1757.0,1810.0,1671.0,15001
439,22989368,122104118,2.465521546145981,405.0,1226.0,2080.0,2689.0,2396.0,1865.0,1366.0,895.0,453.0,271.0,13969
440,-24224587#2,185140332#5-AddedOnRampEdge,9.062840519750765,76.0,273.0,882.0,1549.0,2078.0,2132.0,2026.0,1677.0,1398.0,995.0,15001
441,32572650,27944070#0,11.57443163557956,305.0,1401.0,2399.0,1988.0,1478.0,1250.0,1146.0,1038.0,864.0,598.0,14812
442,-27898220#1,137110196,7.706033670132048,3.0,62.0,327.0,725.0,1266.0,1743.0,1922.0,2030.0,1732.0,1362.0,15001
443,45869638#0,15460961#2,1.0724268978818965,130.0,488.0,861.0,1319.0,1493.0,1228.0,1032.0,620.0,359.0,220.0,7941
444,572824576#0,-215637534#11,3.0923935265504885,1.0,0.0,0.0,0.0,0.0,0.0,0.0,0.0,0.0,0.0,1
445,8043360#0,157676071#0,0.8283399462271192,1.0,0.0,0.0,0.0,0.0,0.0,0.0,0.0,0.0,0.0,1
446,32601842,-50639092,7.476343642436869,1.0,0.0,0.0,0.0,0.0,0.0,0.0,0.0,0.0,0.0,1
447,164719711#0,123974277#7,13.712616064537391,233.0,410.0,459.0,699.0,1170.0,1133.0,1256.0,1217.0,1132.0,1102.0,14893
448,-50639429,51036726,1.0817029164555392,1.0,0.0,0.0,0.0,0.0,0.0,0.0,0.0,0.0,0.0,1
449,227764344,-123974277#10,0.9603609842619072,1.0,0.0,0.0,0.0,0.0,0.0,0.0,0.0,0.0,0.0,1
450,32601842,124195117#0,17.6467324257829,294.0,886.0,1130.0,1521.0,1850.0,1867.0,1502.0,1288.0,1011.0,796.0,15000
451,27249970#4,15460430#0,1.2984864498613995,166.0,369.0,641.0,932.0,1108.0,1133.0,1115.0,845.0,728.0,528.0,8415
452,164719711#0,-29267890#4,0.793873355139352,2.0,2.0,0.0,0.0,0.0,0.0,0.0,0.0,0.0,0.0,4
453,32601842,123974278,7.628237711779641,1.0,0.0,0.0,0.0,0.0,0.0,0.0,0.0,0.0,0.0,1
454,-24210584#17,-681454826#2,13.947802368481796,2.0,4.0,48.0,261.0,757.0,1320.0,1945.0,2197.0,2079.0,1810.0,15001
455,-24391388,50639092,1.0013485773755262,1.0,0.0,0.0,0.0,0.0,0.0,0.0,0.0,0.0,0.0,1
456,28686805,26664882,5.490175959495697,37.0,288.0,455.0,533.0,742.0,879.0,894.0,906.0,884.0,848.0,14930
457,665218406#2,-681454827,13.907772649967995,1.0,7.0,70.0,263.0,761.0,1266.0,1843.0,2099.0,2110.0,1742.0,15001
458,32572650,-123974277#4,7.066434733328885,1.0,0.0,0.0,0.0,0.0,0.0,0.0,0.0,0.0,0.0,1
459,163963915,128931448,1.3929256735515747,1.0,0.0,0.0,0.0,0.0,0.0,0.0,0.0,0.0,0.0,1
460,184793799,49655023#0,9.627694260065086,137.0,453.0,732.0,995.0,1335.0,1573.0,1743.0,1582.0,1632.0,1373.0,14844
461,196795239#2,201610336#0,14.227102609597038,1.0,0.0,17.0,148.0,429.0,951.0,1476.0,1950.0,2048.0,1834.0,15001
462,32601842,151402287#0,29.06523129991816,4.0,19.0,62.0,322.0,757.0,1319.0,1780.0,1883.0,1635.0,1491.0,15001
463,196795239#0,-24163219,14.470474840473738,1.0,1.0,20.0,167.0,462.0,983.0,1686.0,1987.0,2080.0,1858.0,15001
464,26946011#1,23946407,11.020623612976628,1.0,1.0,44.0,250.0,712.0,1437.0,1923.0,2138.0,2106.0,1846.0,15001
465,32601842,96898382#0,14.622107311343084,258.0,831.0,1290.0,1583.0,1672.0,1672.0,1468.0,1390.0,1244.0,1046.0,14997
466,47969677,48149015#0,2.6345066495041563,99.0,650.0,1696.0,1893.0,1677.0,1287.0,489.0,116.0,20.0,2.0,7929
467,197448006,23425569,7.409891583767467,215.0,495.0,653.0,588.0,655.0,761.0,952.0,1023.0,1013.0,1053.0,14983
468,24210659#1,291263469,17.015935757142707,209.0,512.0,651.0,744.0,808.0,859.0,959.0,1025.0,1065.0,1034.0,14933
469,161183819#2,106877686#0,0.628649982365042,1.0,0.0,0.0,0.0,0.0,0.0,0.0,0.0,0.0,0.0,1
470,23583742,184839821,9.187788709716152,216.0,571.0,1295.0,1665.0,1962.0,1916.0,1853.0,1568.0,1200.0,940.0,14907
471,23569613,132617728#0,18.50585332953049,4.0,93.0,393.0,894.0,1449.0,1974.0,2173.0,1967.0,1620.0,1318.0,15001
472,24167736#0,33560270#0,19.4405968874808,2.0,84.0,347.0,789.0,1265.0,1857.0,2071.0,1893.0,1764.0,1364.0,15001
473,27634036#8,-49885431#1,1.1682549713546893,1.0,11.0,11.0,54.0,37.0,124.0,89.0,172.0,126.0,125.0,1003
474,225863025#1,157326733,1.3588112240717047,1.0,0.0,0.0,0.0,0.0,0.0,0.0,0.0,0.0,0.0,1
475,154747065#0,123974277#7,15.782567098299614,1.0,38.0,244.0,707.0,1249.0,1634.0,1703.0,1832.0,1789.0,1597.0,15001
476,28686528#2,-123974277#8,5.250209257510372,1.0,0.0,0.0,0.0,0.0,0.0,0.0,0.0,0.0,0.0,1
477,60710001#5,-27636812#0,6.295370347042034,6.0,158.0,551.0,905.0,1260.0,1502.0,1680.0,1720.0,1646.0,1410.0,14995
478,237856224#1,28039863,1.4443645590404108,2.0,0.0,3.0,4.0,1.0,0.0,1.0,1.0,0.0,3.0,20
479,111834163,60684890#0,1.34175637432821,2.0,4.0,5.0,10.0,16.0,24.0,36.0,45.0,53.0,43.0,281
480,113881047,-92216693,1.491422862044044,1.0,0.0,0.0,0.0,0.0,0.0,0.0,0.0,0.0,0.0,1
481,103271274,-24391309,1.194023084964042,1.0,0.0,0.0,0.0,0.0,0.0,0.0,0.0,0.0,0.0,1
482,-63019613#1,-103968781,11.313529548513406,1.0,7.0,59.0,171.0,377.0,616.0,806.0,1097.0,1204.0,1340.0,15001
483,-51036726,-103271274,1.194023084964042,1.0,0.0,0.0,0.0,0.0,0.0,0.0,0.0,0.0,0.0,1
484,32572650,27897990#7,15.004896116554578,306.0,671.0,1039.0,1431.0,1731.0,1709.0,1478.0,1334.0,1199.0,1090.0,15001
485,26827919,-107807144#2,2.2076707310624784,31.0,99.0,261.0,427.0,457.0,505.0,455.0,383.0,210.0,71.0,2923
486,22884908#0,-382416777#1,13.04628471896041,1.0,4.0,73.0,324.0,732.0,1140.0,1401.0,1492.0,1547.0,1464.0,15001
487,164719711#0,-27875972,10.177217196370998,1.0,7.0,54.0,119.0,254.0,500.0,703.0,937.0,1150.0,1445.0,15001
488,42955937,26153682,17.51852861265014,32.0,190.0,222.0,199.0,256.0,569.0,993.0,1456.0,1814.0,2079.0,15001
489,-123974277#5,-51036726,1.103983730126035,1.0,0.0,0.0,0.0,0.0,0.0,0.0,0.0,0.0,0.0,1
490,32601842,123964317#1,17.845159493467435,262.0,906.0,1157.0,1592.0,1995.0,1867.0,1566.0,1256.0,962.0,730.0,15001
491,123974277#9,51036726,0.9811648603011754,1.0,0.0,0.0,0.0,0.0,0.0,0.0,0.0,0.0,0.0,1
492,-122104114#5,227764344,8.19829667252594,79.0,388.0,775.0,1010.0,1082.0,1205.0,1356.0,1301.0,1265.0,1183.0,14472
493,112163340#0,-121909177#1,9.266739215801968,39.0,132.0,301.0,528.0,710.0,792.0,889.0,1062.0,1143.0,1233.0,15001
494,32572650,27798062#1,12.09205212162442,263.0,919.0,1837.0,2549.0,2868.0,2292.0,1568.0,1128.0,688.0,398.0,14931
495,-28279821#4,-27569431#0,4.759347444083764,147.0,213.0,647.0,738.0,864.0,823.0,949.0,1151.0,1054.0,959.0,13327
496,204782842#2,128321248#0,16.665743505997504,1.0,0.0,3.0,46.0,193.0,570.0,1229.0,1768.0,2117.0,2107.0,15001
497,28749869#0,124643470,17.213535612364844,3.0,23.0,72.0,227.0,464.0,871.0,1234.0,1534.0,1621.0,1652.0,15001
498,27621299,-302569446#1,1.088270581297471,1.0,0.0,0.0,0.0,0.0,0.0,0.0,0.0,0.0,0.0,1
499,478446663,680253983#1,3.291198503905163,76.0,136.0,266.0,361.0,439.0,515.0,655.0,682.0,688.0,634.0,6663
500,302898148#0,160334594#0,0.496731022336939,1.0,0.0,0.0,0.0,0.0,0.0,0.0,0.0,0.0,0.0,1
501,96898371,128175889#0,6.410862487218689,3.0,15.0,77.0,183.0,463.0,811.0,1175.0,1297.0,1618.0,1634.0,15000
502,-169026063#3,27776882#1,2.1404637005397795,1.0,0.0,0.0,0.0,0.0,0.0,0.0,0.0,0.0,0.0,1
503,123974277#8,-24391388,0.9555695136446832,1.0,0.0,0.0,0.0,0.0,0.0,0.0,0.0,0.0,0.0,1
504,120514952#0,142038163#1,13.467947750157595,1.0,4.0,49.0,288.0,804.0,1195.0,1482.0,1567.0,1518.0,1349.0,15001
505,29470677#1,-30965265#0,0.6519122264524667,1.0,0.0,0.0,0.0,0.0,0.0,0.0,0.0,0.0,0.0,1
506,-27333427,-196147276,5.405199593534976,27.0,87.0,155.0,247.0,280.0,366.0,635.0,904.0,1138.0,1311.0,14993
507,32572650,232427898,12.520268621681414,264.0,1191.0,2194.0,2384.0,2052.0,1365.0,1191.0,953.0,747.0,527.0,14984
508,50638995,-123974277#6,2.449124075408264,1.0,0.0,0.0,0.0,0.0,0.0,0.0,0.0,0.0,0.0,1
509,60433260#0,27333296#0,1.50405490193322,9.0,24.0,49.0,117.0,204.0,258.0,275.0,262.0,216.0,175.0,2504
510,997114669#1,23482094#1,1.9264220234105165,30.0,128.0,214.0,494.0,534.0,523.0,548.0,619.0,724.0,607.0,7888
511,-762014800#1,27083804,2.5847465759057475,5.0,91.0,588.0,1389.0,1743.0,1969.0,1985.0,1820.0,1516.0,1124.0,14287
512,25740216,27612696#0,4.351350434022484,90.0,256.0,734.0,1129.0,1484.0,2101.0,2295.0,2019.0,1542.0,1117.0,14460
513,197448006,24210659#1,17.14710286031884,65.0,602.0,1065.0,1231.0,1175.0,1210.0,1212.0,1196.0,1174.0,1192.0,14648
514,-27347077,180549889,1.0445363309752365,1.0,0.0,0.0,0.0,0.0,0.0,0.0,0.0,0.0,0.0,1
515,164719711#0,185130663#0,10.177217196370998,2.0,13.0,43.0,152.0,290.0,467.0,625.0,878.0,1098.0,1286.0,15001
516,95340422,196919117,0.6886646079181772,1.0,0.0,0.0,0.0,0.0,0.0,0.0,0.0,0.0,0.0,1
517,24210659#1,76564785,4.625816026481125,28.0,16.0,19.0,4.0,3.0,168.0,1017.0,1368.0,1342.0,997.0,7073
518,100877174#0,24391309,8.386505158938418,149.0,325.0,497.0,453.0,436.0,470.0,581.0,675.0,832.0,1044.0,15000
519,24210659#1,-291263469,16.99699238234029,191.0,533.0,662.0,751.0,836.0,911.0,985.0,1029.0,1084.0,1097.0,14926
520,-22897852#3,36912583#6,8.49749108395008,8.0,33.0,117.0,295.0,526.0,892.0,1152.0,1498.0,1671.0,1763.0,15001
521,26827918,-48585814#1,2.042344086078637,14.0,44.0,163.0,269.0,384.0,427.0,349.0,416.0,282.0,137.0,2545
522,197448006,24040425,10.235219008879865,1.0,42.0,111.0,236.0,373.0,551.0,820.0,1049.0,1224.0,1369.0,15001
523,-23901444,233019085#0,9.241630142131363,312.0,772.0,1459.0,1546.0,1599.0,1826.0,1647.0,1391.0,1174.0,1024.0,14796
524,27798062#1,572824576#0,24.553029857163747,1.0,4.0,68.0,355.0,912.0,1392.0,1690.0,1805.0,1788.0,1608.0,15001
525,121906066#0,-51036726,8.773246012523193,23.0,265.0,797.0,1050.0,1099.0,1213.0,1190.0,1249.0,1402.0,1473.0,14928
526,27458888#1,27207444#0,0.8244501523291093,1.0,0.0,0.0,2.0,2.0,0.0,4.0,0.0,1.0,0.0,10
527,23551750#2,35302147#1,12.55963955865518,1.0,8.0,56.0,248.0,453.0,699.0,891.0,1060.0,1368.0,1425.0,15001
528,119227708#0,128321247,4.3454545354893,85.0,255.0,351.0,484.0,623.0,765.0,1258.0,1506.0,1156.0,965.0,14258
529,28686528#0,-29267682#1,17.588073612545294,29.0,175.0,240.0,201.0,246.0,429.0,784.0,1297.0,1760.0,1972.0,15001
530,-28136281#1,-197202693,11.751789372169563,34.0,165.0,358.0,709.0,1017.0,1240.0,1429.0,1493.0,1631.0,1567.0,15000
531,237797690#0,35302147#0,16.20477719041832,1.0,1.0,17.0,121.0,418.0,786.0,1227.0,1536.0,1621.0,1785.0,15001
532,24210659#1,209059664#1,3.202869162595119,1.0,0.0,0.0,0.0,0.0,0.0,0.0,0.0,0.0,0.0,1
533,32601842,123974277#8,7.365416107749052,1.0,0.0,0.0,0.0,0.0,0.0,0.0,0.0,0.0,0.0,1
534,124809328,148276366,5.215277229622486,17.0,121.0,446.0,854.0,1210.0,1488.0,1642.0,1693.0,1616.0,1387.0,14999
535,-177923620#0,1071661236#0,2.3377796621924296,93.0,671.0,1249.0,1495.0,1759.0,1584.0,1207.0,1043.0,713.0,538.0,12242
536,572824576#0,-231632444#6,3.083566528588132,230.0,2130.0,2572.0,834.0,118.0,577.0,1276.0,1052.0,255.0,39.0,9083
537,222227759,-196122886,14.031801168564712,1.0,8.0,63.0,321.0,788.0,1305.0,1506.0,1622.0,1455.0,1384.0,15001
538,-28279821#4,-197202693,5.056670731872067,228.0,358.0,574.0,701.0,799.0,859.0,925.0,1090.0,1083.0,947.0,14107
539,-28686528#2,25877237#2-AddedOnRampEdge,17.93235257475799,36.0,158.0,193.0,190.0,224.0,436.0,806.0,1248.0,1583.0,1820.0,15001
540,184767411#0,212517335,2.3246009777380485,1.0,0.0,0.0,0.0,0.0,0.0,0.0,0.0,0.0,0.0,1
541,478446663,-28006882#4,3.796324996872516,96.0,534.0,1006.0,1133.0,1271.0,1526.0,1490.0,1285.0,862.0,653.0,11102
542,49578297,184817916,11.359986795804453,213.0,362.0,682.0,1223.0,1841.0,1946.0,1933.0,1656.0,1277.0,967.0,14530
543,572824576#0,-681048739,2.978745407598727,116.0,1004.0,2111.0,2009.0,947.0,314.0,399.0,848.0,1055.0,751.0,9908
544,32601842,-156555182,9.902447489116796,25.0,134.0,781.0,728.0,954.0,1110.0,1229.0,1010.0,810.0,751.0,9724
545,8043279#0,121909177#1,8.907374312712165,64.0,182.0,360.0,626.0,930.0,963.0,987.0,1066.0,1091.0,1150.0,14998
546,24210584#18,128321262#0,14.52802856377152,277.0,363.0,594.0,562.0,647.0,649.0,766.0,861.0,923.0,884.0,14826
547,93997049,-366644067,1.84243653366784,37.0,237.0,639.0,605.0,241.0,144.0,112.0,341.0,433.0,353.0,4483
548,32601842,-283533385#2,12.150340757204596,294.0,1005.0,2000.0,3057.0,2907.0,2049.0,1393.0,960.0,574.0,332.0,14905
549,-123974277#6,43129262,1.066569651713876,1.0,0.0,0.0,0.0,0.0,0.0,0.0,0.0,0.0,0.0,1
550,-28039967#1,-50640017,10.378697356729292,41.0,249.0,300.0,288.0,344.0,392.0,504.0,642.0,725.0,815.0,15000
551,164719711#0,97177661#0,3.955968447324977,23.0,103.0,335.0,560.0,835.0,875.0,1110.0,1299.0,1219.0,1096.0,11689
552,121992059#2,26945023#7,1.0966125156480335,1.0,0.0,0.0,0.0,0.0,0.0,0.0,0.0,0.0,0.0,1
553,26786413#1,23899192#3,1.1903535490126642,8.0,25.0,36.0,70.0,122.0,154.0,219.0,253.0,247.0,280.0,1905
554,-28686528#0,103271274,5.344514375215232,1.0,0.0,0.0,0.0,0.0,0.0,0.0,0.0,0.0,0.0,1
555,48024565#0,27776874#5,1.7373529532624896,1.0,2.0,0.0,0.0,0.0,0.0,0.0,0.0,0.0,0.0,3
556,32601842,163252192#0,17.167803736089674,361.0,878.0,1194.0,1585.0,1689.0,1695.0,1529.0,1227.0,1079.0,824.0,14997
557,143920935#1,128364005,17.469384075522292,23.0,87.0,169.0,167.0,227.0,388.0,647.0,1068.0,1461.0,1791.0,15001
558,-29471633#1,-30966482,0.7993335475455007,4.0,0.0,0.0,0.0,0.0,0.0,0.0,0.0,0.0,0.0,4
559,43129262,-123974277#8,1.028831706191233,1.0,0.0,0.0,0.0,0.0,0.0,0.0,0.0,0.0,0.0,1
560,-27797966#2,48741059#0,2.2769973076578043,23.0,103.0,217.0,389.0,460.0,577.0,752.0,836.0,850.0,871.0,10017
561,48198623#1,196279823,7.981374516113444,287.0,1289.0,2218.0,2537.0,2283.0,2072.0,1654.0,1132.0,744.0,398.0,14929
562,32601842,-27359167,11.539991943330296,76.0,568.0,1486.0,1862.0,2044.0,2002.0,1652.0,1217.0,869.0,612.0,13182
563,-1122924583#3,194712760#2,8.510198509910877,3.0,27.0,78.0,209.0,369.0,611.0,748.0,934.0,1149.0,1286.0,15001
564,164719711#0,26800859#0,17.19474579347257,1.0,1.0,18.0,152.0,490.0,981.0,1515.0,1740.0,1896.0,1651.0,15001
565,-27620985#3,-27333296#0,1.0964452993918423,4.0,2.0,4.0,10.0,25.0,32.0,47.0,52.0,57.0,56.0,360
566,32572650,27923465#0,12.131646930698924,327.0,1490.0,2343.0,1855.0,1372.0,1055.0,930.0,934.0,837.0,685.0,14579
567,83487027#0,23482094#1,1.5058779587609772,4.0,5.0,8.0,8.0,4.0,23.0,40.0,89.0,134.0,153.0,3296
568,197448006,27082120#0,19.62368961826533,1.0,5.0,38.0,175.0,408.0,855.0,1329.0,1614.0,1801.0,1819.0,15001
569,51247874#2,-384765280,0.8285277431565031,4.0,5.0,3.0,3.0,1.0,4.0,3.0,3.0,3.0,1.0,30
570,-212517335,51036726,1.066569651713876,1.0,0.0,0.0,0.0,0.0,0.0,0.0,0.0,0.0,0.0,1
571,-27333125#2,-200621448,5.73930597011973,18.0,225.0,806.0,1300.0,1548.0,1598.0,1446.0,1284.0,1307.0,1235.0,15001
572,572824576#0,-1002137871#2,2.9159671968696115,1.0,0.0,0.0,0.0,0.0,0.0,0.0,0.0,0.0,0.0,1
573,232183095,125889401,19.027887647430934,1.0,58.0,265.0,684.0,1122.0,1748.0,2089.0,2021.0,1717.0,1430.0,15001
574,32572650,128167840#0,10.188905179258107,33.0,117.0,741.0,761.0,935.0,1055.0,1250.0,1184.0,953.0,924.0,10812
575,-101204227,27137033#2,2.5264534328115715,543.0,2546.0,3305.0,2879.0,2130.0,1441.0,743.0,394.0,158.0,55.0,14213
576,164719711#0,83336783#0,18.24760772289879,52.0,225.0,472.0,706.0,809.0,827.0,832.0,873.0,935.0,987.0,14989
577,-615138779#2,197448013,18.08203157382436,45.0,142.0,187.0,212.0,270.0,457.0,806.0,1220.0,1643.0,1908.0,15001
578,197448006,37943416,7.456145417755253,145.0,424.0,621.0,902.0,1071.0,1273.0,1489.0,1419.0,1322.0,1307.0,14989
579,-167578356#6,-27786759#3,6.6954191288289655,1.0,22.0,110.0,282.0,459.0,772.0,940.0,1291.0,1379.0,1521.0,15000
580,277614795#0,-184839820,9.599701597010462,137.0,524.0,684.0,1027.0,1619.0,1949.0,1934.0,1849.0,1563.0,1279.0,14968
581,39358963,49655010#1,8.826610220020989,440.0,853.0,1754.0,1811.0,1752.0,1731.0,1546.0,1325.0,1053.0,845.0,14794
582,164719711#0,128364005,1.558943041087549,3.0,1.0,2.0,2.0,3.0,8.0,5.0,9.0,6.0,1.0,40
583,164719711#0,35125787#0,11.013384553032104,4.0,36.0,178.0,438.0,810.0,1208.0,1402.0,1608.0,1466.0,1438.0,15001
584,22989384#1,366644065#1,2.3556211870467165,180.0,1212.0,2102.0,2291.0,1937.0,1634.0,1263.0,1032.0,707.0,486.0,13867
585,-123974278,-24392129#3,1.119633211591072,1.0,0.0,0.0,0.0,0.0,0.0,0.0,0.0,0.0,0.0,1
586,23463107#2,121906997#3-AddedOffRampEdge,1.5141784948547738,0.0,0.0,0.0,0.0,0.0,18.0,211.0,522.0,698.0,1137.0,8739
587,197448006,665218406#2,17.60844105627086,82.0,352.0,619.0,772.0,916.0,1007.0,959.0,973.0,1111.0,1109.0,14844
588,164719711#0,123974277#6,13.654209501826772,279.0,410.0,459.0,664.0,1087.0,1123.0,1245.0,1288.0,1221.0,1142.0,14908
589,-126855991,-50640019,10.340109340918348,51.0,264.0,304.0,325.0,329.0,350.0,453.0,548.0,682.0,795.0,15000
590,24210659#1,188066222#0,5.002263531848815,21.0,16.0,16.0,0.0,4.0,4.0,125.0,391.0,452.0,519.0,10275
591,23578476#0,125889393,18.76146659005335,3.0,107.0,339.0,745.0,1305.0,1797.0,1887.0,1850.0,1665.0,1344.0,15001
592,-28686753,-207814830,0.8601995750408263,2.0,1.0,1.0,0.0,0.0,0.0,0.0,0.0,0.0,0.0,4
593,197448006,148634412,3.545785395956253,1.0,1.0,0.0,0.0,0.0,3.0,17.0,29.0,49.0,96.0,8803
594,24210659#1,48863077#6,2.8753240749090048,55.0,607.0,1487.0,1725.0,1313.0,804.0,417.0,344.0,516.0,719.0,9874
595,992198618,-123974277#6,7.554808200754012,394.0,2229.0,3687.0,3325.0,1951.0,1149.0,705.0,445.0,299.0,177.0,14619
596,-27797966#2,48520548#2,3.1327092816751434,34.0,210.0,453.0,543.0,619.0,673.0,709.0,767.0,882.0,934.0,12978
597,164719711#0,-103968781,1.5767540148660055,3.0,1.0,0.0,0.0,0.0,5.0,6.0,6.0,1.0,0.0,22
598,-126855990#4,24391309,10.005515151422602,53.0,234.0,286.0,279.0,338.0,393.0,492.0,612.0,786.0,802.0,15001
599,906605906,27858599#0,1.5156118691353613,10.0,38.0,128.0,264.0,434.0,547.0,563.0,430.0,289.0,250.0,4949
600,26827932,48149015#2,2.64320145847282,61.0,255.0,495.0,502.0,527.0,365.0,124.0,23.0,0.0,0.0,2352
601,28686528#0,-179445663,17.588073612545294,33.0,194.0,218.0,233.0,255.0,440.0,834.0,1343.0,1673.0,1992.0,15001
602,-59740773#2,29267682#1,17.503491666505774,35.0,149.0,257.0,184.0,206.0,413.0,844.0,1277.0,1710.0,1872.0,15001
603,24210584#18,128321248#0,14.609817857250864,223.0,287.0,492.0,570.0,571.0,661.0,809.0,886.0,952.0,1055.0,14869
604,132617723#1,29470677#0,0.7993335475455007,1.0,1.0,1.0,0.0,0.0,0.0,0.0,0.0,0.0,0.0,3
605,197448006,50639429,14.258032562117943,81.0,241.0,373.0,651.0,748.0,944.0,1268.0,1271.0,1091.0,1127.0,14199
606,27799413#0,48927524#13,2.500947166138343,37.0,123.0,268.0,568.0,827.0,1050.0,1272.0,1325.0,1383.0,1315.0,11411
607,-22897852#3,29249458,8.680819390239321,4.0,30.0,118.0,286.0,550.0,790.0,1150.0,1449.0,1692.0,1808.0,15001
608,197448006,-247680448,17.05802981269518,1.0,5.0,56.0,277.0,582.0,1030.0,1403.0,1645.0,1771.0,1666.0,15001
609,218720707#3,23951330#0,2.243046238607936,89.0,886.0,2026.0,2187.0,1756.0,1508.0,1342.0,1034.0,778.0,625.0,14719
610,-291263469,50639430,13.919815344006247,181.0,305.0,315.0,376.0,587.0,682.0,833.0,981.0,1069.0,1240.0,14903
611,45011093#0,-625165571#3,5.521425989870916,229.0,347.0,472.0,755.0,688.0,623.0,775.0,908.0,1018.0,1238.0,14311
612,32572650,124198512,23.86866647534157,26.0,114.0,459.0,860.0,1053.0,1259.0,1317.0,1355.0,1332.0,1237.0,15000
613,26663846,26828035#5,0.5838861202637139,1.0,0.0,0.0,0.0,0.0,0.0,0.0,0.0,0.0,0.0,1
614,24210659#1,35302147#1,17.60522528036592,235.0,569.0,754.0,816.0,880.0,999.0,1108.0,1228.0,1280.0,1225.0,14939
615,122104114#12,-24391309,8.536659913852656,32.0,324.0,905.0,1163.0,1222.0,1260.0,1247.0,1310.0,1274.0,1401.0,14909
616,30018582,-96000346,0.8047719370133695,1.0,0.0,0.0,0.0,0.0,0.0,2.0,0.0,0.0,0.0,3
617,220272844,25584739#0,1.5993116882251703,11.0,66.0,406.0,714.0,1142.0,1082.0,1172.0,1021.0,934.0,884.0,10157
618,164719711#0,102159446#0,10.830429684076618,7.0,48.0,191.0,433.0,818.0,1210.0,1486.0,1523.0,1542.0,1466.0,15001
619,-27720828#0,659556219,4.76497409547639,108.0,293.0,476.0,827.0,1412.0,1566.0,1651.0,1481.0,1281.0,1223.0,14980
620,-29470677#0,202613739#0,0.6948350707689064,1.0,0.0,0.0,0.0,0.0,0.0,0.0,0.0,0.0,0.0,1
621,25699710#1,166652993#2,13.924424222858478,1.0,1.0,28.0,151.0,519.0,1063.0,1756.0,2108.0,2071.0,1856.0,15001
622,27285800#2,-76142705,0.6073606187366528,1.0,0.0,0.0,0.0,0.0,0.0,0.0,0.0,0.0,0.0,1
623,197448006,-572824576#1,17.555037136101195,94.0,628.0,1167.0,1286.0,1232.0,1263.0,1260.0,1302.0,1189.0,1183.0,14693
624,-167578356#5,137110198#0,7.410897586771002,5.0,16.0,115.0,292.0,515.0,776.0,1060.0,1213.0,1449.0,1424.0,15001
625,197448006,27922885#1,8.998581224806388,1.0,40.0,151.0,367.0,725.0,1043.0,1343.0,1623.0,1715.0,1570.0,15001
626,-169004167#0,27198356#0,1.054387677033504,1.0,0.0,0.0,0.0,0.0,0.0,0.0,0.0,0.0,0.0,1
627,681564952,128321241#2,3.802459572161424,111.0,235.0,405.0,523.0,588.0,712.0,798.0,961.0,1024.0,921.0,14249
628,20871114#0,165905671,0.7761503353399491,3.0,0.0,0.0,0.0,0.0,0.0,0.0,0.0,0.0,0.0,3
629,23944884#2,29267682#1,16.013567316577575,1.0,0.0,13.0,83.0,356.0,790.0,1301.0,1597.0,1952.0,1908.0,15001
630,197448006,24210584#17,18.005350032000287,74.0,309.0,546.0,748.0,836.0,912.0,934.0,861.0,999.0,1016.0,14905
631,105003377,232427894,0.9230605631972584,2.0,2.0,2.0,3.0,3.0,8.0,6.0,5.0,11.0,6.0,81
632,32601842,151402287#11,29.63042244769233,5.0,23.0,69.0,356.0,843.0,1386.0,1865.0,1910.0,1768.0,1450.0,15001
633,100968568,-190525548,13.717229033140114,1.0,17.0,99.0,353.0,686.0,1289.0,1833.0,2270.0,2194.0,1922.0,15001
634,-184767414#1,39501814,11.536361956635083,101.0,486.0,715.0,1365.0,1922.0,1900.0,1850.0,1594.0,1448.0,1142.0,14785
635,97727115#0,190509866#0,1.2835486647544787,30.0,240.0,762.0,1286.0,1601.0,1712.0,1355.0,1023.0,685.0,488.0,9779
636,23339155#2,159046150,13.9241320308629,1.0,1.0,46.0,295.0,751.0,1343.0,1681.0,1853.0,1704.0,1671.0,15001
637,27621253#2,-356367823#3,5.916925296368391,10.0,84.0,317.0,595.0,941.0,1295.0,1659.0,1721.0,1661.0,1556.0,14991
638,132617728#0,29267682#2,9.27333712923039,142.0,774.0,1403.0,1816.0,1936.0,1795.0,1456.0,1235.0,987.0,738.0,13839
639,1087639904#1,28326201,1.4423169848159243,1.0,0.0,0.0,0.0,0.0,0.0,0.0,0.0,0.0,0.0,1
640,26947021,23946422#0,10.999653758589076,1.0,0.0,9.0,97.0,383.0,833.0,1255.0,1518.0,1661.0,1619.0,15001
641,203041000#0,29267682#1,5.331416169948852,82.0,266.0,629.0,1009.0,1442.0,1600.0,1852.0,1771.0,1690.0,1363.0,14965
642,26945515#0,26945006#0,1.604596976702913,3.0,38.0,169.0,392.0,639.0,881.0,915.0,778.0,711.0,544.0,6834
643,-39585334#4,25699696#1,1.9136413581984693,1.0,1.0,2.0,3.0,15.0,10.0,3.0,0.0,0.0,0.0,35
644,27853650,182783200#1-AddedOnRampEdge,10.006248327105553,63.0,250.0,282.0,331.0,405.0,436.0,522.0,719.0,759.0,894.0,14999
645,30018460,48391048#0,1.170942784598271,53.0,191.0,492.0,707.0,846.0,925.0,943.0,804.0,744.0,577.0,7561
646,223153151#1,-31870361#1,1.5003827368500138,2.0,0.0,2.0,5.0,2.0,2.0,6.0,5.0,0.0,2.0,28
647,572824576#0,184510490#0,23.89929795981876,1.0,1.0,34.0,246.0,583.0,1063.0,1470.0,1764.0,1915.0,1913.0,15001
648,27620999#2,27797743#4,1.2675277835484615,1.0,0.0,0.0,0.0,0.0,0.0,0.0,0.0,0.0,0.0,1
649,32601842,24875992#0,17.191967016969173,386.0,881.0,1082.0,1389.0,1635.0,1710.0,1471.0,1355.0,1086.0,940.0,15000
650,29470677#1,-30965253#5,0.7121744169063652,1.0,0.0,0.0,0.0,0.0,0.0,0.0,0.0,0.0,0.0,1
651,32572650,124196639,24.180388678579817,17.0,121.0,482.0,854.0,1075.0,1365.0,1464.0,1522.0,1384.0,1127.0,15001
652,-665218406#0,74326047#0,16.718245137479407,9.0,38.0,124.0,286.0,552.0,933.0,1267.0,1523.0,1549.0,1511.0,15001
653,164719711#11,27898099#1,8.584687210817151,1.0,18.0,71.0,176.0,312.0,539.0,681.0,844.0,980.0,1133.0,15001
654,32572650,41761194#0,29.35751083014581,16.0,60.0,147.0,310.0,476.0,545.0,582.0,698.0,939.0,1177.0,15000
655,96898378#1,-22897852#3,7.942281372406467,2.0,27.0,187.0,510.0,991.0,1523.0,1987.0,2177.0,2193.0,1839.0,15001
656,-111754971,-112319557#5,0.9564874099796964,1.0,0.0,0.0,0.0,0.0,0.0,0.0,0.0,0.0,0.0,1
657,-50640017,-123974278,0.5838187000475149,1.0,0.0,0.0,0.0,0.0,0.0,0.0,0.0,0.0,0.0,1
658,-26827930#3,48522162#0,2.560122777658482,138.0,526.0,796.0,802.0,726.0,281.0,57.0,8.0,0.0,0.0,3334
659,164719711#0,-980656893,3.2422801772183028,24.0,148.0,459.0,836.0,1161.0,1190.0,1217.0,1203.0,983.0,712.0,10432
660,95839504#0,742655022#7,2.2511744926440027,45.0,197.0,402.0,661.0,1115.0,1709.0,1868.0,1822.0,1488.0,1123.0,12500
661,32601842,-156555182,9.902447489116796,24.0,139.0,786.0,721.0,987.0,1131.0,1278.0,1011.0,841.0,768.0,9854
662,164719711#11,-156222611#1,8.748055112537301,4.0,14.0,75.0,179.0,307.0,488.0,699.0,867.0,1015.0,1149.0,15001
663,164719711#12,-25699679#1,2.801448955102361,14.0,22.0,40.0,63.0,142.0,170.0,154.0,170.0,151.0,142.0,1381
664,151303662,27569453#0,12.11837413623773,31.0,108.0,244.0,554.0,816.0,1011.0,1206.0,1414.0,1507.0,1640.0,15001
665,-27458888#0,27458100#1,1.0097626914011553,6.0,3.0,9.0,25.0,65.0,83.0,116.0,98.0,100.0,52.0,601
666,122763953#0,50639430,1.0458597237185958,1.0,0.0,0.0,0.0,0.0,0.0,0.0,0.0,0.0,0.0,1
667,-27797966#0,28038187#0,2.7166803893280664,22.0,175.0,517.0,855.0,935.0,1085.0,1122.0,1248.0,1300.0,1115.0,11626
668,245316290,28326209#1,2.0528862310530704,1.0,0.0,0.0,0.0,0.0,0.0,0.0,0.0,0.0,0.0,1
669,-24391309,-123974277#5,1.1965373385265594,1.0,0.0,0.0,0.0,0.0,0.0,0.0,0.0,0.0,0.0,1
670,190502846#1,77168998#0,1.2991611243957664,2.0,10.0,28.0,74.0,127.0,198.0,217.0,269.0,255.0,256.0,2133
671,252647927,-50640019,8.483983225785408,183.0,373.0,568.0,636.0,609.0,479.0,558.0,609.0,598.0,821.0,14994
672,-29267812#3,-50640017,14.259379513572712,328.0,447.0,494.0,547.0,634.0,864.0,1182.0,1344.0,1471.0,1630.0,14943
673,-103968781,-25699672#1,2.859339874290016,7.0,30.0,30.0,43.0,45.0,48.0,64.0,60.0,54.0,34.0,466
674,32601842,103271274,7.2342800782904,1.0,0.0,0.0,0.0,0.0,0.0,0.0,0.0,0.0,0.0,1
675,164719711#0,103271284,13.76998844649771,247.0,439.0,510.0,691.0,1109.0,1197.0,1268.0,1195.0,1194.0,1083.0,14925
676,-27318454#1,50640017,8.422447897701012,150.0,403.0,598.0,514.0,465.0,605.0,712.0,829.0,1034.0,1314.0,14999
677,30965267,29470677#0,0.6787102729915444,1.0,0.0,0.0,0.0,0.0,0.0,0.0,0.0,0.0,0.0,1
678,27457260#4,22978931,1.16368961242955,4.0,8.0,11.0,65.0,129.0,107.0,190.0,274.0,394.0,451.0,2527
679,123974277#5,-24391388,1.1316332976407588,1.0,0.0,0.0,0.0,0.0,0.0,0.0,0.0,0.0,0.0,1
680,-184841579#0,231081168,0.9347284139195734,1.0,0.0,0.0,0.0,0.0,0.0,0.0,0.0,0.0,0.0,1
681,32572650,-28433693#2,28.905598938917407,3.0,14.0,81.0,362.0,845.0,1372.0,1771.0,1872.0,1711.0,1544.0,15001
682,29470677#0,257794203,1.2250791581554372,9.0,3.0,8.0,14.0,21.0,32.0,52.0,39.0,62.0,28.0,308
683,28686528#1,25877237#2-AddedOnRampEdge,17.975117506766356,51.0,149.0,202.0,168.0,278.0,406.0,820.0,1216.0,1631.0,1854.0,15000
684,-77618560#8,26669971#3,1.6373603469729208,8.0,32.0,107.0,250.0,319.0,378.0,431.0,497.0,556.0,600.0,4586
685,51036726,50639092,1.0013485773755262,1.0,0.0,0.0,0.0,0.0,0.0,0.0,0.0,0.0,0.0,1
686,-22919611,128364024,4.659127701206969,1.0,0.0,0.0,0.0,0.0,0.0,0.0,0.0,0.0,0.0,1
687,-39585334#4,25740216,1.875376619604869,1.0,1.0,2.0,0.0,10.0,5.0,10.0,3.0,0.0,2.0,1288
688,32572650,27571068#0,23.636996116904363,17.0,98.0,406.0,790.0,1064.0,1219.0,1294.0,1339.0,1328.0,1149.0,15000
689,-196305738,-48135338#5,6.342218364588881,32.0,160.0,341.0,529.0,698.0,932.0,1051.0,1145.0,1069.0,1107.0,14999
690,-185130663#9,27856820#3,0.7801065541676458,1.0,0.0,0.0,0.0,0.0,0.0,0.0,0.0,0.0,0.0,1
691,137055271,27943498#1,2.0451646422137046,187.0,1176.0,2384.0,2665.0,2223.0,1674.0,1105.0,650.0,371.0,292.0,13537
692,122279670#2,28134516,0.7215635174092863,11.0,16.0,15.0,31.0,23.0,15.0,6.0,4.0,0.0,0.0,121
693,-121992060#3,184839824,9.111628746953,193.0,560.0,715.0,867.0,1245.0,1454.0,1624.0,1607.0,1640.0,1467.0,14814
694,22944532#11,200689886,10.952923432110822,1.0,2.0,16.0,92.0,427.0,992.0,1444.0,1808.0,1780.0,1798.0,15001
695,164719711#0,43345145,10.364890815221994,3.0,11.0,62.0,198.0,401.0,745.0,1112.0,1332.0,1589.0,1661.0,15001
696,24210659#1,231632444#7,2.6357771102121097,1.0,0.0,0.0,0.0,0.0,0.0,0.0,0.0,0.0,0.0,1
697,28686753,49885431#1,0.8983231814411943,1.0,3.0,0.0,5.0,1.0,2.0,0.0,0.0,0.0,0.0,12
698,1036835309,659556220,2.173049584005905,10.0,6.0,8.0,4.0,3.0,4.0,4.0,69.0,168.0,133.0,1509
699,164719711#0,-121997939#3,9.017748604336598,1.0,10.0,47.0,204.0,502.0,885.0,1455.0,1762.0,1892.0,1853.0,15001
700,168143579#4,-207516268,1.5783243979015924,14.0,77.0,263.0,590.0,939.0,986.0,844.0,686.0,398.0,296.0,5549
701,-22897852#3,50640019,14.263220238807632,221.0,342.0,461.0,477.0,631.0,889.0,1245.0,1647.0,1917.0,1950.0,14970
702,144097880,59654664,2.2512370943729407,1.0,0.0,0.0,0.0,0.0,0.0,0.0,0.0,0.0,0.0,1
703,203236225#3,37117385#0,2.1518546710671367,171.0,1167.0,2447.0,2751.0,1759.0,1038.0,765.0,598.0,551.0,412.0,12751
704,-29470677#0,132617719#0,0.9996063545667436,4.0,4.0,4.0,4.0,4.0,0.0,0.0,0.0,0.0,0.0,20
705,48586707#0,-32502483,5.983318808125363,20.0,98.0,202.0,479.0,872.0,1263.0,1575.0,1750.0,1781.0,1568.0,14999
706,222477736,128321247,14.446519370293624,212.0,326.0,466.0,601.0,588.0,641.0,853.0,922.0,1015.0,1033.0,14839
707,164719711#0,-103968781,1.5767540148660055,3.0,1.0,0.0,0.0,0.0,5.0,6.0,5.0,2.0,0.0,22
708,197448006,123914555#0,8.956851863688671,2.0,34.0,174.0,492.0,952.0,1362.0,1737.0,1978.0,1917.0,1569.0,15001
709,27458817#1,56672609#2,1.1406079067507486,28.0,54.0,85.0,75.0,52.0,16.0,4.0,3.0,0.0,0.0,317
710,197448006,124055602#0,7.787964541376332,122.0,245.0,412.0,788.0,944.0,1078.0,1210.0,1283.0,1249.0,1200.0,14966
711,-196667874,-123974277#5,15.51786916107586,2.0,28.0,162.0,521.0,983.0,1472.0,1709.0,1836.0,1901.0,1784.0,15001
712,-478446663,35437605,3.8584416988331176,164.0,514.0,864.0,1364.0,1819.0,1815.0,1613.0,1247.0,878.0,607.0,12213
713,124066224#8,-346995407#1,1.4270105232103143,7.0,15.0,23.0,23.0,13.0,6.0,1.0,0.0,0.0,0.0,88
714,27620698,-123974278,7.407543950017559,362.0,1409.0,2376.0,2716.0,2547.0,2105.0,1529.0,929.0,542.0,226.0,14935
715,-224846577#1,-123974277#10,6.908356028036758,442.0,2924.0,4491.0,3175.0,1668.0,886.0,434.0,223.0,116.0,53.0,14502
716,138179241,107434701#2,6.637779094925553,2.0,18.0,102.0,247.0,455.0,636.0,878.0,1113.0,1293.0,1413.0,15000
717,164719711#0,128364005,1.558943041087549,3.0,1.0,2.0,2.0,3.0,9.0,6.0,9.0,7.0,1.0,43
718,51032644#2,27342272#0,1.2706355219925474,1.0,0.0,0.0,0.0,0.0,0.0,0.0,0.0,0.0,0.0,1
719,197448006,-50639429,14.181805610084966,74.0,241.0,342.0,585.0,780.0,1023.0,1292.0,1302.0,1246.0,1126.0,14152
720,201917993,-123974277#8,1.5159639659481663,1.0,0.0,0.0,0.0,0.0,0.0,0.0,0.0,0.0,0.0,1
721,26804822#12,219155344,0.8359825750895852,1.0,0.0,0.0,0.0,0.0,0.0,0.0,0.0,0.0,0.0,1
722,124184927#0,128364005,11.04024051765076,2.0,4.0,23.0,101.0,283.0,445.0,745.0,985.0,1297.0,1454.0,15001
723,217586821,197448013,8.296439086239692,1.0,9.0,81.0,377.0,789.0,1165.0,1451.0,1669.0,1675.0,1583.0,15001
724,197448006,103271274,13.997133808535066,80.0,225.0,361.0,594.0,742.0,944.0,1287.0,1218.0,1183.0,1190.0,14181
725,681682400,146715457#0,0.5082188402685066,1.0,0.0,0.0,0.0,0.0,0.0,0.0,0.0,0.0,0.0,1
726,197448006,123964333,7.287461692388045,93.0,466.0,613.0,822.0,1040.0,1317.0,1512.0,1405.0,1277.0,1222.0,14985
727,-22947125,23316480#2,10.960181598450552,1.0,1.0,13.0,99.0,346.0,804.0,1259.0,1555.0,1747.0,1674.0,15001
728,-64935233#1,-27036649#0,0.601381337453997,1.0,0.0,0.0,0.0,0.0,0.0,0.0,0.0,0.0,0.0,1
729,195977786#0,24210659#1,19.12100499766914,2.0,3.0,128.0,610.0,1368.0,2105.0,2418.0,2601.0,2274.0,1537.0,15001
730,23591310#0,103271284,15.845437429640088,1.0,31.0,186.0,674.0,1320.0,1700.0,1782.0,1815.0,1846.0,1759.0,15001
731,122291177,-25699711,16.818299740749527,1.0,0.0,7.0,47.0,180.0,504.0,1158.0,1714.0,1947.0,2087.0,15001
732,196279823,24391309,1.1965373385265594,1.0,0.0,0.0,0.0,0.0,0.0,0.0,0.0,0.0,0.0,1
733,32601842,-156555182,9.902447489116796,23.0,145.0,774.0,769.0,993.0,1044.0,1282.0,1064.0,822.0,766.0,9818
734,997238477,-27876045,0.9964599670828364,0.0,0.0,2.0,0.0,3.0,20.0,28.0,33.0,60.0,116.0,970
735,55616698#7,-27923010,1.0833076131961703,42.0,69.0,190.0,223.0,232.0,198.0,153.0,150.0,111.0,74.0,1554
736,132617723#2,26153682,9.165222364178716,78.0,552.0,1205.0,1625.0,1911.0,1810.0,1634.0,1372.0,1153.0,840.0,14262
737,32572650,208624954#1,29.2912950827504,3.0,7.0,75.0,245.0,685.0,1202.0,1717.0,1838.0,1760.0,1503.0,15001
738,32572650,27359188#1,10.88384246373276,101.0,745.0,1920.0,2189.0,2022.0,1928.0,1564.0,1149.0,788.0,442.0,13285
739,572824576#0,35302147#1,17.60522528036592,242.0,563.0,737.0,867.0,930.0,1062.0,1164.0,1294.0,1304.0,1268.0,14942
740,27856642#1,-28005218#4,9.182318733793052,42.0,315.0,610.0,1078.0,1329.0,1396.0,1309.0,1288.0,1173.0,1043.0,15001
741,129889564#2,35740345#1,0.9792124585601693,1.0,0.0,0.0,0.0,0.0,0.0,0.0,0.0,0.0,0.0,1
742,-24391309,-50639092,0.8606587110030698,1.0,0.0,0.0,0.0,0.0,0.0,0.0,0.0,0.0,0.0,1
743,164719711#0,-103968781,1.5767540148660055,3.0,1.0,0.0,0.0,0.0,5.0,6.0,5.0,1.0,0.0,21
744,-148707090,83196292#0,1.2705168037180792,5.0,11.0,17.0,22.0,45.0,57.0,30.0,59.0,55.0,40.0,468
745,665218406#0,291263469,17.30509955159702,98.0,300.0,495.0,597.0,706.0,761.0,745.0,874.0,887.0,920.0,14950
746,32572650,124198528#1,23.84524894449844,10.0,100.0,440.0,879.0,1069.0,1267.0,1442.0,1433.0,1329.0,1223.0,15001
747,197448006,367167224,11.168854734273635,11.0,163.0,472.0,780.0,971.0,1205.0,1408.0,1451.0,1357.0,1352.0,15001
748,32572650,-156555182,9.911816942073736,25.0,122.0,691.0,755.0,962.0,1111.0,1290.0,1061.0,883.0,845.0,10172
749,33684676#1,308810202,1.975836980615846,61.0,287.0,1091.0,1575.0,1700.0,1548.0,1652.0,1520.0,1087.0,643.0,11869
750,32601842,123974277#10,7.476343642436869,1.0,0.0,0.0,0.0,0.0,0.0,0.0,0.0,0.0,0.0,1
751,128364024,185140327#0,5.01884213122955,84.0,238.0,583.0,1045.0,1342.0,1646.0,1864.0,1724.0,1425.0,1126.0,14757
752,32601842,23481756#0,17.5120913140509,220.0,765.0,1228.0,1777.0,2052.0,1999.0,1632.0,1305.0,945.0,758.0,15000
753,-122365284#0,239773251,1.3647684408913032,12.0,34.0,52.0,85.0,171.0,455.0,826.0,1102.0,1066.0,736.0,5601
754,197448006,-148634413,3.431499110793576,2.0,2.0,1.0,0.0,0.0,10.0,40.0,87.0,150.0,310.0,4958
755,119216296,625165571#1,12.39358613780246,19.0,80.0,234.0,477.0,668.0,853.0,1014.0,1268.0,1540.0,1751.0,15001
